{"type":"FeatureCollection","name":"El Paso outside-city mask","features":[{"type":"Feature","properties":{"role":"outside-city"},"geometry":{"type":"Polygon","coordinates":[[[-109.13592,29.12248],[-103.69921,29.12248],[-103.69921,34.50149],[-109.13592,34.50149],[-109.13592,29.12248]],[[-106.50709,31.97651],[-106.50409,31.97409],[-106.50165,31.97078],[-106.50038,31.96921],[-106.50036,31.96825],[-106.50026,31.96682],[-106.4994,31.96513],[-106.49934,31.96313],[-106.49935,31.96125],[-106.49833,31.95967],[-106.49753,31.95894],[-106.49908,31.9566],[-106.49834,31.95451],[-106.49725,31.95213],[-106.49713,31.95081],[-106.4979,31.94788],[-106.49778,31.94453],[-106.4985,31.9414],[-106.49844,31.93951],[-106.49826,31.93395],[-106.4981,31.93358],[-106.49757,31.93181],[-106.49764,31.92961],[-106.49824,31.92787],[-106.4996,31.92511],[-106.49951,31.92265],[-106.49916,31.91932],[-106.49628,31.91563],[-106.49576,31.91305],[-106.49588,31.91242],[-106.49644,31.90853],[-106.49653,31.90613],[-106.49714,31.88884],[-106.49725,31.88372],[-106.49707,31.88143],[-106.49652,31.87821],[-106.49576,31.87407],[-106.49464,31.86864],[-106.49462,31.86851],[-106.49487,31.8685],[-106.49466,31.86731],[-106.49444,31.86617],[-106.49413,31.8645],[-106.49388,31.86312],[-106.49365,31.86189],[-106.49367,31.86144],[-106.49366,31.85998],[-106.4937,31.85373],[-106.49375,31.85071],[-106.49439,31.84937],[-106.49612,31.84824],[-106.49687,31.84726],[-106.49663,31.84616],[-106.49623,31.84481],[-106.49657,31.84337],[-106.49733,31.84249],[-106.49848,31.84159],[-106.49762,31.83956],[-106.49645,31.83787],[-106.49512,31.8358],[-106.49398,31.8342],[-106.4945,31.83412],[-106.49847,31.83352],[-106.50496,31.83254],[-106.5069,31.83228],[-106.50683,31.83216],[-106.50678,31.83209],[-106.50674,31.83204],[-106.50668,31.83198],[-106.50662,31.83193],[-106.50659,31.8319],[-106.50708,31.83152],[-106.50734,31.83131],[-106.5074,31.83126],[-106.50748,31.83119],[-106.50756,31.83111],[-106.50767,31.83099],[-106.50774,31.83092],[-106.50783,31.8308],[-106.50788,31.83072],[-106.50796,31.8306],[-106.50802,31.83049],[-106.50806,31.83043],[-106.50823,31.83011],[-106.50824,31.83009],[-106.50826,31.83005],[-106.50832,31.82996],[-106.50836,31.82993],[-106.50839,31.8299],[-106.50843,31.82985],[-106.50848,31.82981],[-106.50853,31.82976],[-106.50858,31.82973],[-106.50865,31.82968],[-106.50871,31.82965],[-106.50875,31.82963],[-106.5089,31.82957],[-106.50904,31.82953],[-106.50912,31.82951],[-106.5092,31.8295],[-106.50947,31.82946],[-106.50958,31.82944],[-106.5097,31.82941],[-106.50973,31.8294],[-106.50977,31.82939],[-106.50983,31.82937],[-106.50997,31.8293],[-106.51006,31.82943],[-106.5101,31.82948],[-106.51015,31.82952],[-106.51022,31.82955],[-106.51026,31.82956],[-106.51031,31.82957],[-106.51099,31.82958],[-106.51157,31.82958],[-106.51178,31.82958],[-106.51181,31.82958],[-106.51188,31.82959],[-106.51194,31.8296],[-106.51206,31.82962],[-106.51218,31.82967],[-106.51225,31.82972],[-106.51232,31.82976],[-106.51242,31.82982],[-106.51251,31.82986],[-106.51257,31.82987],[-106.51265,31.8299],[-106.5127,31.82992],[-106.51279,31.82994],[-106.51289,31.82995],[-106.5137,31.83009],[-106.51389,31.83011],[-106.51421,31.83012],[-106.51435,31.83011],[-106.51459,31.83012],[-106.51475,31.83014],[-106.51499,31.83019],[-106.51547,31.83025],[-106.51584,31.8303],[-106.51609,31.83033],[-106.5163,31.83034],[-106.51656,31.83033],[-106.51701,31.8303],[-106.51703,31.83046],[-106.51705,31.83055],[-106.51708,31.83064],[-106.51712,31.83072],[-106.51718,31.83081],[-106.51728,31.83092],[-106.51736,31.83099],[-106.51746,31.83105],[-106.51755,31.83109],[-106.51765,31.83113],[-106.51781,31.83117],[-106.51797,31.8312],[-106.51812,31.83121],[-106.51835,31.83121],[-106.51855,31.83121],[-106.51864,31.8312],[-106.51872,31.83119],[-106.51889,31.83115],[-106.51901,31.83111],[-106.51919,31.83104],[-106.51966,31.83083],[-106.5199,31.83069],[-106.52042,31.83042],[-106.52087,31.83017],[-106.52092,31.83014],[-106.52124,31.82995],[-106.5216,31.82975],[-106.52177,31.82962],[-106.52187,31.82952],[-106.52208,31.82936],[-106.52226,31.82921],[-106.52253,31.829],[-106.52279,31.82924],[-106.52294,31.82937],[-106.52309,31.82923],[-106.52324,31.82909],[-106.52353,31.8288],[-106.52388,31.82845],[-106.5241,31.82822],[-106.52458,31.82775],[-106.52461,31.82772],[-106.52465,31.8277],[-106.52469,31.82767],[-106.52474,31.82764],[-106.5248,31.82761],[-106.52483,31.8276],[-106.52493,31.82757],[-106.52513,31.82753],[-106.52525,31.8275],[-106.52536,31.82745],[-106.5255,31.82737],[-106.52565,31.82725],[-106.52585,31.82717],[-106.52594,31.82725],[-106.52605,31.82735],[-106.5261,31.8274],[-106.52617,31.82747],[-106.52649,31.82775],[-106.52675,31.82798],[-106.527,31.82821],[-106.52713,31.82833],[-106.52742,31.82859],[-106.52753,31.82869],[-106.52762,31.82876],[-106.52728,31.82905],[-106.52718,31.82913],[-106.52708,31.82923],[-106.52689,31.82941],[-106.52674,31.82958],[-106.5266,31.82979],[-106.52648,31.83001],[-106.52639,31.8302],[-106.52632,31.83037],[-106.5263,31.83045],[-106.52625,31.83063],[-106.52623,31.83072],[-106.52621,31.83081],[-106.5262,31.83094],[-106.52619,31.83103],[-106.52618,31.83116],[-106.52618,31.83139],[-106.52618,31.83151],[-106.52618,31.83183],[-106.52618,31.83284],[-106.52618,31.83389],[-106.52618,31.83414],[-106.52617,31.83434],[-106.52615,31.83449],[-106.52614,31.83464],[-106.52612,31.83475],[-106.52604,31.83522],[-106.52601,31.8354],[-106.52594,31.83577],[-106.52588,31.83605],[-106.52586,31.83619],[-106.52582,31.83638],[-106.52577,31.8367],[-106.52574,31.83684],[-106.52573,31.83693],[-106.52573,31.83705],[-106.52573,31.83715],[-106.52577,31.83734],[-106.52581,31.83746],[-106.52587,31.83758],[-106.52592,31.83766],[-106.52598,31.83774],[-106.52605,31.83783],[-106.52616,31.83793],[-106.52628,31.83804],[-106.52634,31.83808],[-106.52641,31.83819],[-106.52656,31.83828],[-106.52671,31.83834],[-106.52679,31.83837],[-106.52686,31.83839],[-106.52697,31.83842],[-106.52708,31.83845],[-106.52719,31.83847],[-106.52745,31.83852],[-106.52771,31.83858],[-106.52788,31.83863],[-106.52801,31.83868],[-106.52817,31.83872],[-106.52835,31.83876],[-106.52854,31.8388],[-106.52865,31.83881],[-106.52875,31.83881],[-106.52889,31.83882],[-106.52905,31.83882],[-106.52911,31.83882],[-106.52924,31.83883],[-106.52948,31.83886],[-106.5296,31.83887],[-106.52987,31.83892],[-106.53009,31.83896],[-106.53018,31.83899],[-106.53032,31.83904],[-106.53042,31.83909],[-106.53052,31.83914],[-106.5306,31.8392],[-106.53076,31.8393],[-106.53102,31.83948],[-106.5311,31.83954],[-106.53124,31.83962],[-106.53133,31.83967],[-106.5314,31.83971],[-106.53151,31.83976],[-106.53168,31.83981],[-106.53174,31.83982],[-106.53181,31.83984],[-106.53214,31.83989],[-106.53283,31.84],[-106.53307,31.84005],[-106.53317,31.84007],[-106.53322,31.84009],[-106.53327,31.8401],[-106.5334,31.84016],[-106.53347,31.84019],[-106.53351,31.84022],[-106.53363,31.8403],[-106.5337,31.84035],[-106.53376,31.84041],[-106.53381,31.84045],[-106.53386,31.84051],[-106.53389,31.84054],[-106.53395,31.84062],[-106.53403,31.84074],[-106.53408,31.84086],[-106.53412,31.84095],[-106.53426,31.84133],[-106.53442,31.84181],[-106.53448,31.84197],[-106.53453,31.84209],[-106.53455,31.84215],[-106.53459,31.84223],[-106.53461,31.84227],[-106.53466,31.84236],[-106.53471,31.84242],[-106.53475,31.84248],[-106.5348,31.84253],[-106.53484,31.84258],[-106.53496,31.84269],[-106.53499,31.84271],[-106.53504,31.84275],[-106.53512,31.84282],[-106.53517,31.84285],[-106.53524,31.8429],[-106.53526,31.84291],[-106.53528,31.84293],[-106.53537,31.84301],[-106.53543,31.84307],[-106.53549,31.84313],[-106.53551,31.84316],[-106.53556,31.84321],[-106.53561,31.84328],[-106.53566,31.84338],[-106.53572,31.84348],[-106.53576,31.84358],[-106.53578,31.84365],[-106.53597,31.84438],[-106.53609,31.84484],[-106.53628,31.84554],[-106.5363,31.84563],[-106.53634,31.84581],[-106.53638,31.84594],[-106.53641,31.84603],[-106.53644,31.84613],[-106.53646,31.84618],[-106.53649,31.84625],[-106.53651,31.84631],[-106.53657,31.8464],[-106.53661,31.84646],[-106.53663,31.8465],[-106.53666,31.84654],[-106.53671,31.8466],[-106.53676,31.84668],[-106.53681,31.84673],[-106.53684,31.84676],[-106.53688,31.8468],[-106.53692,31.84684],[-106.53699,31.84689],[-106.53702,31.84692],[-106.53704,31.84694],[-106.53707,31.84696],[-106.53713,31.847],[-106.53719,31.84704],[-106.53724,31.84708],[-106.53726,31.8471],[-106.53752,31.84727],[-106.53793,31.84754],[-106.53806,31.84763],[-106.53843,31.84787],[-106.53854,31.84795],[-106.53878,31.84811],[-106.53948,31.84858],[-106.53966,31.84871],[-106.53975,31.84877],[-106.53988,31.84888],[-106.53993,31.84892],[-106.54001,31.84899],[-106.54005,31.84903],[-106.54013,31.84911],[-106.54022,31.84921],[-106.54027,31.84928],[-106.54032,31.84935],[-106.54047,31.84957],[-106.54055,31.84973],[-106.54066,31.84993],[-106.54082,31.85022],[-106.54093,31.85043],[-106.54105,31.85066],[-106.54114,31.85082],[-106.5413,31.85112],[-106.54137,31.85127],[-106.54139,31.85131],[-106.54152,31.85158],[-106.5416,31.85167],[-106.54166,31.85175],[-106.54169,31.85186],[-106.54172,31.85193],[-106.54175,31.85203],[-106.54176,31.85208],[-106.54177,31.85211],[-106.5418,31.85223],[-106.54184,31.85235],[-106.54185,31.85239],[-106.54201,31.85239],[-106.54203,31.85239],[-106.54189,31.85261],[-106.5419,31.85279],[-106.54191,31.85293],[-106.54191,31.85322],[-106.54191,31.85336],[-106.54192,31.85415],[-106.54192,31.85429],[-106.54192,31.85438],[-106.54193,31.85448],[-106.54194,31.85458],[-106.54196,31.85466],[-106.54199,31.85476],[-106.54204,31.85485],[-106.54213,31.85503],[-106.54218,31.85512],[-106.54245,31.85561],[-106.54256,31.85581],[-106.54264,31.85597],[-106.54285,31.85637],[-106.54289,31.85645],[-106.54292,31.8565],[-106.54301,31.85663],[-106.54312,31.85677],[-106.5432,31.85687],[-106.54327,31.85696],[-106.54336,31.85704],[-106.54343,31.85711],[-106.54352,31.85718],[-106.54365,31.85728],[-106.5437,31.85732],[-106.54381,31.85741],[-106.54403,31.85758],[-106.54418,31.8577],[-106.54442,31.85789],[-106.54456,31.85799],[-106.54507,31.85839],[-106.54522,31.85851],[-106.54538,31.85864],[-106.54563,31.85884],[-106.54575,31.85893],[-106.54588,31.85903],[-106.54616,31.85926],[-106.54637,31.85942],[-106.54655,31.85955],[-106.5468,31.85976],[-106.54712,31.86002],[-106.54727,31.86013],[-106.54739,31.86023],[-106.54751,31.86033],[-106.54776,31.86054],[-106.54805,31.86077],[-106.54811,31.86082],[-106.54826,31.86094],[-106.54849,31.86113],[-106.54867,31.86128],[-106.5488,31.86138],[-106.54914,31.86165],[-106.54924,31.86174],[-106.54935,31.86184],[-106.54947,31.86194],[-106.5495,31.86191],[-106.54953,31.86189],[-106.54967,31.86179],[-106.54986,31.86168],[-106.54998,31.86161],[-106.55012,31.86155],[-106.55021,31.86151],[-106.55028,31.86148],[-106.55035,31.86146],[-106.55049,31.86141],[-106.55063,31.86136],[-106.55088,31.86129],[-106.55098,31.86126],[-106.55116,31.8612],[-106.55189,31.86097],[-106.55211,31.86091],[-106.55327,31.86342],[-106.55333,31.8636],[-106.5541,31.86359],[-106.55521,31.86358],[-106.55621,31.86358],[-106.55679,31.86358],[-106.55732,31.86358],[-106.55756,31.86358],[-106.5577,31.86358],[-106.55792,31.86358],[-106.558,31.86358],[-106.558,31.86339],[-106.55801,31.86304],[-106.55801,31.86281],[-106.55801,31.86252],[-106.55801,31.86221],[-106.558,31.86181],[-106.558,31.86165],[-106.558,31.86116],[-106.55801,31.86095],[-106.55801,31.86052],[-106.55801,31.86034],[-106.558,31.86019],[-106.55799,31.85971],[-106.55799,31.85951],[-106.5581,31.85951],[-106.5583,31.85951],[-106.55847,31.85951],[-106.55907,31.85951],[-106.5594,31.85952],[-106.55968,31.85952],[-106.55997,31.85952],[-106.56014,31.85952],[-106.56031,31.85952],[-106.56046,31.85952],[-106.56089,31.85953],[-106.56109,31.85954],[-106.56137,31.85956],[-106.56159,31.85958],[-106.56178,31.85959],[-106.562,31.85962],[-106.56212,31.85964],[-106.5622,31.85966],[-106.56232,31.85968],[-106.56254,31.85974],[-106.56259,31.85976],[-106.56279,31.85982],[-106.56304,31.85991],[-106.56317,31.85996],[-106.56333,31.86003],[-106.56348,31.8601],[-106.56357,31.86015],[-106.56377,31.86028],[-106.56383,31.86031],[-106.56424,31.86063],[-106.56434,31.86073],[-106.56444,31.86082],[-106.56462,31.86101],[-106.5647,31.8611],[-106.5649,31.86133],[-106.56507,31.86152],[-106.56517,31.86164],[-106.56546,31.86195],[-106.56556,31.86207],[-106.56562,31.86213],[-106.5657,31.86222],[-106.56572,31.86225],[-106.5659,31.86244],[-106.56597,31.86251],[-106.56601,31.86255],[-106.56615,31.86267],[-106.56619,31.8627],[-106.5663,31.86278],[-106.56638,31.86284],[-106.56644,31.86288],[-106.56654,31.86294],[-106.56668,31.86303],[-106.5668,31.8631],[-106.56694,31.86318],[-106.56703,31.86322],[-106.56714,31.86327],[-106.5673,31.86334],[-106.5674,31.86337],[-106.56754,31.86342],[-106.56776,31.86349],[-106.56789,31.86352],[-106.56801,31.86355],[-106.56809,31.86356],[-106.5682,31.86358],[-106.5683,31.8636],[-106.56842,31.86362],[-106.56866,31.86365],[-106.56875,31.86365],[-106.56888,31.86365],[-106.56907,31.86365],[-106.56932,31.86365],[-106.56962,31.86365],[-106.56993,31.86365],[-106.57029,31.86365],[-106.57055,31.86365],[-106.57074,31.86365],[-106.57106,31.86365],[-106.57158,31.86365],[-106.57197,31.86365],[-106.57249,31.86365],[-106.5733,31.86365],[-106.57389,31.86365],[-106.57416,31.86365],[-106.57437,31.86366],[-106.57446,31.86366],[-106.57465,31.86366],[-106.5749,31.86366],[-106.5754,31.86366],[-106.57579,31.86365],[-106.57607,31.86365],[-106.57633,31.86364],[-106.57657,31.86363],[-106.57668,31.86362],[-106.57704,31.86361],[-106.57701,31.8635],[-106.577,31.86345],[-106.57698,31.86338],[-106.57684,31.86282],[-106.57681,31.86268],[-106.57675,31.86246],[-106.57674,31.86241],[-106.57664,31.862],[-106.57654,31.8616],[-106.57631,31.86067],[-106.57624,31.86035],[-106.57613,31.85994],[-106.57606,31.85963],[-106.57597,31.85925],[-106.57588,31.8589],[-106.57568,31.85807],[-106.57557,31.85767],[-106.57546,31.85719],[-106.57535,31.85673],[-106.57532,31.85661],[-106.57527,31.85639],[-106.57481,31.85452],[-106.57474,31.85425],[-106.57458,31.85362],[-106.57448,31.85319],[-106.57442,31.85296],[-106.57439,31.85285],[-106.57433,31.85258],[-106.57424,31.8522],[-106.57419,31.85202],[-106.57416,31.85187],[-106.57395,31.85105],[-106.57388,31.85073],[-106.57379,31.85039],[-106.57366,31.84984],[-106.57364,31.84978],[-106.57362,31.84969],[-106.57354,31.84936],[-106.57349,31.84918],[-106.57344,31.84894],[-106.57335,31.84861],[-106.57323,31.8481],[-106.57315,31.84776],[-106.573,31.84722],[-106.57291,31.84687],[-106.57284,31.84661],[-106.57279,31.84648],[-106.57265,31.84604],[-106.57261,31.84593],[-106.5725,31.84563],[-106.57245,31.84552],[-106.5724,31.84537],[-106.57226,31.84498],[-106.57212,31.84459],[-106.57201,31.84449],[-106.57208,31.84447],[-106.57187,31.8439],[-106.57156,31.84305],[-106.57149,31.84286],[-106.57118,31.84201],[-106.57102,31.84155],[-106.57069,31.84065],[-106.57064,31.8405],[-106.57026,31.83948],[-106.5702,31.83932],[-106.56918,31.83648],[-106.56912,31.83633],[-106.56903,31.8361],[-106.56887,31.83576],[-106.56874,31.83551],[-106.56852,31.8351],[-106.56828,31.83469],[-106.56809,31.83439],[-106.56788,31.83408],[-106.56758,31.8337],[-106.56736,31.83343],[-106.56703,31.83306],[-106.56619,31.8322],[-106.56431,31.8303],[-106.5641,31.83009],[-106.56338,31.82935],[-106.56162,31.82757],[-106.56088,31.82682],[-106.55968,31.82561],[-106.55956,31.82549],[-106.55948,31.8254],[-106.55632,31.82219],[-106.5561,31.82197],[-106.55573,31.8216],[-106.55534,31.82119],[-106.55475,31.8206],[-106.54945,31.81523],[-106.54967,31.81508],[-106.5494,31.81482],[-106.54891,31.81431],[-106.54836,31.81375],[-106.54803,31.8134],[-106.54785,31.81321],[-106.54729,31.81265],[-106.54663,31.812],[-106.54634,31.81169],[-106.54591,31.81126],[-106.5451,31.81057],[-106.5451,31.81057],[-106.54514,31.81023],[-106.54558,31.8092],[-106.54589,31.80839],[-106.54641,31.80701],[-106.54655,31.80661],[-106.54715,31.8073],[-106.54733,31.80735],[-106.54754,31.8075],[-106.5479,31.80776],[-106.54822,31.80779],[-106.54871,31.80787],[-106.54925,31.80795],[-106.55013,31.80811],[-106.55202,31.80876],[-106.55317,31.80914],[-106.55594,31.80991],[-106.55793,31.81033],[-106.55809,31.81033],[-106.55832,31.81037],[-106.55845,31.81041],[-106.5601,31.81066],[-106.56045,31.81072],[-106.56054,31.81073],[-106.56055,31.81073],[-106.5607,31.81076],[-106.56177,31.81097],[-106.56218,31.81105],[-106.56271,31.81116],[-106.56275,31.81133],[-106.56298,31.81224],[-106.56305,31.81252],[-106.56519,31.81301],[-106.56619,31.81324],[-106.56661,31.81334],[-106.56662,31.81334],[-106.56668,31.81335],[-106.56669,31.81335],[-106.56695,31.81313],[-106.56724,31.81288],[-106.56731,31.81283],[-106.56749,31.8127],[-106.56886,31.81166],[-106.56897,31.81158],[-106.56899,31.81156],[-106.56939,31.81125],[-106.56972,31.81102],[-106.56981,31.81095],[-106.57033,31.81054],[-106.57076,31.81022],[-106.57112,31.81021],[-106.57407,31.81021],[-106.57549,31.81021],[-106.57559,31.81021],[-106.57629,31.81021],[-106.5763,31.81021],[-106.5766,31.81021],[-106.57669,31.8103],[-106.5767,31.8103],[-106.57671,31.8103],[-106.57673,31.8103],[-106.57677,31.81033],[-106.57677,31.81033],[-106.57697,31.8105],[-106.57715,31.81064],[-106.57731,31.81078],[-106.57751,31.81094],[-106.57768,31.81108],[-106.57784,31.81122],[-106.57801,31.81136],[-106.57821,31.81152],[-106.57843,31.8117],[-106.57863,31.81187],[-106.57884,31.81204],[-106.579,31.81217],[-106.5792,31.81234],[-106.57934,31.81245],[-106.57953,31.81261],[-106.57973,31.81277],[-106.57992,31.81293],[-106.58011,31.81308],[-106.5803,31.81325],[-106.58052,31.81343],[-106.5807,31.81358],[-106.5808,31.81366],[-106.58089,31.81374],[-106.58093,31.81377],[-106.58109,31.8139],[-106.5811,31.81392],[-106.58121,31.81419],[-106.58133,31.8145],[-106.58138,31.81461],[-106.58164,31.81522],[-106.58178,31.81541],[-106.58183,31.81548],[-106.58209,31.81585],[-106.58214,31.81592],[-106.58223,31.81604],[-106.58225,31.81607],[-106.58233,31.81619],[-106.5829,31.81681],[-106.58319,31.81713],[-106.58323,31.81718],[-106.58379,31.81779],[-106.58411,31.81814],[-106.5844,31.81846],[-106.58449,31.81855],[-106.58464,31.81872],[-106.58484,31.81894],[-106.58496,31.81907],[-106.5852,31.81934],[-106.5853,31.81945],[-106.58536,31.81952],[-106.58542,31.81961],[-106.58548,31.81971],[-106.58566,31.82],[-106.58578,31.8202],[-106.58589,31.82042],[-106.58601,31.82063],[-106.58622,31.82101],[-106.58635,31.82124],[-106.58645,31.82142],[-106.58645,31.82142],[-106.58672,31.82159],[-106.58697,31.82173],[-106.58722,31.82186],[-106.58746,31.82199],[-106.58771,31.82212],[-106.58795,31.82225],[-106.58818,31.82238],[-106.58842,31.82252],[-106.58865,31.82265],[-106.58889,31.82278],[-106.58913,31.82292],[-106.58937,31.82305],[-106.58961,31.82318],[-106.5899,31.82334],[-106.58995,31.82337],[-106.59009,31.82345],[-106.59037,31.8236],[-106.59064,31.82375],[-106.59091,31.8239],[-106.59119,31.824],[-106.59148,31.8241],[-106.59178,31.82421],[-106.59208,31.82431],[-106.59238,31.82441],[-106.59268,31.82452],[-106.59299,31.82463],[-106.5932,31.8247],[-106.59341,31.82477],[-106.5936,31.82483],[-106.59389,31.82482],[-106.59404,31.82481],[-106.59471,31.82478],[-106.59501,31.82476],[-106.59511,31.82476],[-106.59548,31.82474],[-106.59588,31.82472],[-106.59629,31.8247],[-106.5963,31.8247],[-106.59633,31.8247],[-106.59671,31.82468],[-106.5971,31.82466],[-106.59736,31.82465],[-106.59763,31.82464],[-106.59845,31.82461],[-106.59849,31.82461],[-106.5987,31.8246],[-106.60071,31.82454],[-106.60162,31.8245],[-106.60176,31.82449],[-106.60203,31.82448],[-106.60316,31.82582],[-106.60511,31.82811],[-106.60507,31.8282],[-106.60506,31.82823],[-106.60465,31.82894],[-106.60478,31.82913],[-106.60483,31.82921],[-106.60471,31.82957],[-106.6045,31.83021],[-106.60447,31.83033],[-106.60426,31.83096],[-106.60405,31.83159],[-106.60401,31.8317],[-106.60381,31.83233],[-106.60362,31.83293],[-106.60358,31.83303],[-106.60357,31.83306],[-106.60343,31.83352],[-106.60337,31.83371],[-106.60337,31.83371],[-106.60337,31.83371],[-106.60337,31.83401],[-106.60336,31.83435],[-106.60335,31.83448],[-106.60334,31.83505],[-106.6033,31.83559],[-106.60316,31.83605],[-106.60314,31.83611],[-106.6031,31.83662],[-106.60309,31.83675],[-106.60308,31.83685],[-106.60293,31.8372],[-106.60273,31.83771],[-106.60249,31.83815],[-106.60228,31.83854],[-106.60159,31.8397],[-106.60157,31.84045],[-106.60156,31.84112],[-106.60157,31.84122],[-106.60158,31.84146],[-106.6016,31.842],[-106.60163,31.84253],[-106.60163,31.84262],[-106.60165,31.84304],[-106.60168,31.8436],[-106.60169,31.84389],[-106.60169,31.8441],[-106.6017,31.84436],[-106.60223,31.84465],[-106.60248,31.84477],[-106.60329,31.84516],[-106.60342,31.84522],[-106.60358,31.84531],[-106.60373,31.84537],[-106.60441,31.84566],[-106.60456,31.84573],[-106.60471,31.8458],[-106.6052,31.84588],[-106.60526,31.84591],[-106.60527,31.84592],[-106.60558,31.84613],[-106.60567,31.84619],[-106.60576,31.84625],[-106.60595,31.84629],[-106.60621,31.84634],[-106.60749,31.84648],[-106.60774,31.84653],[-106.60848,31.8466],[-106.60911,31.84666],[-106.60984,31.84664],[-106.61082,31.84661],[-106.61151,31.8465],[-106.61197,31.8465],[-106.61264,31.8465],[-106.61271,31.84649],[-106.61282,31.84649],[-106.613,31.84648],[-106.61414,31.84648],[-106.61438,31.84667],[-106.61466,31.84666],[-106.61682,31.8486],[-106.62164,31.85288],[-106.6238,31.8548],[-106.62516,31.856],[-106.62549,31.85657],[-106.62657,31.85851],[-106.6266,31.85857],[-106.62663,31.85864],[-106.62689,31.85911],[-106.62691,31.85915],[-106.62698,31.85927],[-106.62713,31.85958],[-106.62723,31.85973],[-106.62728,31.85983],[-106.62731,31.85988],[-106.62744,31.8601],[-106.62747,31.86016],[-106.62749,31.86019],[-106.6276,31.86037],[-106.62766,31.86046],[-106.62775,31.8606],[-106.628,31.86097],[-106.62806,31.86103],[-106.62808,31.86106],[-106.62811,31.8611],[-106.62816,31.86115],[-106.62818,31.86117],[-106.62837,31.86135],[-106.62868,31.86149],[-106.62914,31.86183],[-106.62959,31.86209],[-106.63201,31.86372],[-106.6324,31.86399],[-106.63349,31.86468],[-106.63508,31.8657],[-106.63516,31.86576],[-106.63574,31.86622],[-106.63574,31.86622],[-106.63581,31.86628],[-106.63592,31.86763],[-106.63589,31.8701],[-106.63488,31.87358],[-106.63491,31.87369],[-106.63491,31.8737],[-106.63491,31.8737],[-106.63462,31.8741],[-106.63458,31.87415],[-106.63432,31.87449],[-106.63401,31.87489],[-106.6333,31.87581],[-106.63324,31.87591],[-106.63315,31.87606],[-106.63253,31.87684],[-106.63248,31.87684],[-106.63112,31.87869],[-106.63103,31.87882],[-106.63077,31.87929],[-106.62985,31.88091],[-106.62978,31.88105],[-106.62965,31.88132],[-106.6296,31.88141],[-106.62948,31.88209],[-106.62918,31.88376],[-106.6292,31.8838],[-106.62957,31.88442],[-106.62961,31.8845],[-106.63037,31.88578],[-106.63041,31.88584],[-106.63042,31.88586],[-106.63041,31.88586],[-106.6304,31.88586],[-106.63037,31.88586],[-106.6303,31.88586],[-106.6303,31.88587],[-106.6303,31.88587],[-106.6303,31.8859],[-106.6303,31.88592],[-106.63032,31.88761],[-106.63033,31.88859],[-106.63034,31.88932],[-106.63035,31.89119],[-106.62832,31.89118],[-106.62562,31.89116],[-106.6257,31.88898],[-106.62575,31.88746],[-106.62576,31.88732],[-106.62578,31.88668],[-106.62581,31.88587],[-106.62561,31.88588],[-106.62552,31.88588],[-106.6255,31.88588],[-106.62547,31.88588],[-106.62545,31.88656],[-106.62541,31.88784],[-106.62532,31.89067],[-106.62418,31.89068],[-106.62005,31.89071],[-106.62005,31.89041],[-106.62003,31.88832],[-106.62162,31.88832],[-106.62162,31.88832],[-106.62162,31.88832],[-106.6216,31.88588],[-106.62081,31.88589],[-106.62078,31.88589],[-106.62029,31.88589],[-106.61987,31.88589],[-106.61985,31.88589],[-106.61968,31.88589],[-106.6192,31.88589],[-106.61895,31.88589],[-106.61788,31.8859],[-106.61781,31.8859],[-106.61638,31.8859],[-106.61618,31.8859],[-106.61595,31.8859],[-106.6157,31.8859],[-106.61254,31.88592],[-106.61056,31.88594],[-106.61033,31.88594],[-106.60969,31.88594],[-106.60933,31.88594],[-106.60814,31.88594],[-106.6078,31.88594],[-106.60769,31.88594],[-106.60683,31.88595],[-106.60643,31.88596],[-106.60571,31.88596],[-106.60516,31.88596],[-106.60484,31.88596],[-106.60445,31.88597],[-106.60329,31.88597],[-106.60324,31.88597],[-106.60225,31.88597],[-106.60141,31.88598],[-106.60122,31.88598],[-106.60011,31.88599],[-106.5987,31.886],[-106.59738,31.88601],[-106.59726,31.88601],[-106.59723,31.88601],[-106.59717,31.88601],[-106.59717,31.88601],[-106.59717,31.88601],[-106.59715,31.88603],[-106.59715,31.88604],[-106.59715,31.88606],[-106.59717,31.88631],[-106.59719,31.88642],[-106.59727,31.88711],[-106.59735,31.8878],[-106.59738,31.88837],[-106.59745,31.88922],[-106.59745,31.88924],[-106.59745,31.88926],[-106.59745,31.88928],[-106.59746,31.88934],[-106.59747,31.88944],[-106.59753,31.89007],[-106.59754,31.89019],[-106.59761,31.89089],[-106.59772,31.89195],[-106.59772,31.89195],[-106.59776,31.89235],[-106.59777,31.89236],[-106.59782,31.89272],[-106.5979,31.89307],[-106.59791,31.89314],[-106.59795,31.89325],[-106.59796,31.89328],[-106.59797,31.8933],[-106.59797,31.8933],[-106.59804,31.8934],[-106.5981,31.89347],[-106.59813,31.89351],[-106.59846,31.89395],[-106.59876,31.89435],[-106.59894,31.89569],[-106.59901,31.89631],[-106.59903,31.89643],[-106.59906,31.89669],[-106.59909,31.89685],[-106.5991,31.89694],[-106.59912,31.89716],[-106.59913,31.89729],[-106.59915,31.89751],[-106.59925,31.89862],[-106.59901,31.89864],[-106.59895,31.89864],[-106.59833,31.89864],[-106.59829,31.89864],[-106.59801,31.89864],[-106.59789,31.89864],[-106.59747,31.89864],[-106.59714,31.89864],[-106.59696,31.89864],[-106.5968,31.89864],[-106.59664,31.89864],[-106.59616,31.89864],[-106.59609,31.89864],[-106.59558,31.89864],[-106.59543,31.89865],[-106.59536,31.89865],[-106.59504,31.89865],[-106.59471,31.89865],[-106.59447,31.89865],[-106.59429,31.89865],[-106.59428,31.89875],[-106.59428,31.8988],[-106.59427,31.89907],[-106.59427,31.89917],[-106.59427,31.89935],[-106.59427,31.89939],[-106.59426,31.89947],[-106.59426,31.89972],[-106.59426,31.90004],[-106.59426,31.90013],[-106.59426,31.90031],[-106.59424,31.90214],[-106.59424,31.90232],[-106.59424,31.90247],[-106.59424,31.90251],[-106.59424,31.90274],[-106.59425,31.90286],[-106.59425,31.90332],[-106.59425,31.90335],[-106.59425,31.90361],[-106.5915,31.90362],[-106.59086,31.90362],[-106.59086,31.90363],[-106.59086,31.90363],[-106.59087,31.90369],[-106.59087,31.90372],[-106.59089,31.90465],[-106.59089,31.905],[-106.59089,31.9055],[-106.59089,31.90578],[-106.59089,31.90593],[-106.5909,31.9066],[-106.59092,31.90699],[-106.59092,31.90738],[-106.59092,31.90738],[-106.59091,31.90759],[-106.59091,31.90759],[-106.59091,31.90773],[-106.59092,31.90801],[-106.59092,31.90801],[-106.59092,31.90805],[-106.59092,31.90818],[-106.59092,31.90819],[-106.59092,31.90819],[-106.59092,31.90819],[-106.59092,31.90819],[-106.59092,31.90827],[-106.59092,31.90837],[-106.59092,31.90841],[-106.58995,31.90846],[-106.58972,31.90847],[-106.58968,31.90847],[-106.58962,31.90848],[-106.58956,31.90848],[-106.58956,31.90848],[-106.58956,31.90856],[-106.58955,31.90868],[-106.58955,31.90868],[-106.58954,31.90911],[-106.58954,31.90911],[-106.58954,31.90911],[-106.58974,31.90911],[-106.58973,31.91118],[-106.58985,31.91126],[-106.59003,31.91137],[-106.59003,31.91137],[-106.59003,31.91137],[-106.5901,31.91137],[-106.59033,31.91137],[-106.59035,31.91138],[-106.5905,31.91153],[-106.59059,31.91163],[-106.59062,31.91166],[-106.59066,31.91172],[-106.59071,31.91178],[-106.5908,31.9119],[-106.59091,31.91208],[-106.591,31.91222],[-106.59104,31.91229],[-106.5911,31.91241],[-106.59111,31.91243],[-106.5912,31.91262],[-106.59125,31.91275],[-106.59134,31.913],[-106.59141,31.91326],[-106.59147,31.91355],[-106.59149,31.91372],[-106.59149,31.91376],[-106.59151,31.91395],[-106.59151,31.91407],[-106.59151,31.91414],[-106.59151,31.91423],[-106.5915,31.91439],[-106.59149,31.91447],[-106.59144,31.91491],[-106.59131,31.91491],[-106.58864,31.91493],[-106.58836,31.91494],[-106.58836,31.91492],[-106.58836,31.91489],[-106.58836,31.91489],[-106.58836,31.91489],[-106.58786,31.91489],[-106.5873,31.91489],[-106.58547,31.91488],[-106.58525,31.91488],[-106.58505,31.91488],[-106.58503,31.91488],[-106.58503,31.91488],[-106.58503,31.91517],[-106.58503,31.91531],[-106.58503,31.91553],[-106.58503,31.91695],[-106.58503,31.91723],[-106.58503,31.91765],[-106.58497,31.91765],[-106.58497,31.91765],[-106.58497,31.91765],[-106.58497,31.91782],[-106.58508,31.91859],[-106.58509,31.92025],[-106.58515,31.92163],[-106.58519,31.92239],[-106.58519,31.92248],[-106.58521,31.92296],[-106.5851,31.92296],[-106.58506,31.92296],[-106.58506,31.9232],[-106.58506,31.92354],[-106.58506,31.92373],[-106.58506,31.92392],[-106.58506,31.92411],[-106.58506,31.92431],[-106.58506,31.9245],[-106.58506,31.92508],[-106.58506,31.92558],[-106.58501,31.92558],[-106.58501,31.92558],[-106.58501,31.92558],[-106.58501,31.92771],[-106.58501,31.92798],[-106.58501,31.92837],[-106.58501,31.92871],[-106.58501,31.92925],[-106.58501,31.92981],[-106.58501,31.93004],[-106.58502,31.93051],[-106.58502,31.93089],[-106.58502,31.93093],[-106.58502,31.93114],[-106.58502,31.93122],[-106.58502,31.93153],[-106.58502,31.93159],[-106.58503,31.93288],[-106.58504,31.93345],[-106.58504,31.93412],[-106.58506,31.9365],[-106.58507,31.93689],[-106.58507,31.93696],[-106.58507,31.93777],[-106.58506,31.94174],[-106.58506,31.94174],[-106.58505,31.94187],[-106.58466,31.94186],[-106.58379,31.94185],[-106.58236,31.94191],[-106.5816,31.94204],[-106.58103,31.94217],[-106.58053,31.94229],[-106.57973,31.94259],[-106.57923,31.94283],[-106.5789,31.94301],[-106.57847,31.94326],[-106.5781,31.94349],[-106.57768,31.94379],[-106.57731,31.94411],[-106.57704,31.94439],[-106.57679,31.94463],[-106.57653,31.94493],[-106.57633,31.94516],[-106.57615,31.94542],[-106.57593,31.94575],[-106.57576,31.94608],[-106.57557,31.94646],[-106.57547,31.94669],[-106.5753,31.94711],[-106.57517,31.94753],[-106.57509,31.9479],[-106.57503,31.94821],[-106.57498,31.94857],[-106.57496,31.94891],[-106.57495,31.94919],[-106.57446,31.94919],[-106.57178,31.9492],[-106.57175,31.95084],[-106.57175,31.95108],[-106.57175,31.95121],[-106.57176,31.95222],[-106.57177,31.95445],[-106.57177,31.95452],[-106.57178,31.95579],[-106.57177,31.95676],[-106.57177,31.9572],[-106.57177,31.9572],[-106.57173,31.9572],[-106.56988,31.95722],[-106.5695,31.95722],[-106.56895,31.95723],[-106.56851,31.95723],[-106.56851,31.95723],[-106.56862,31.96393],[-106.5687,31.96885],[-106.5687,31.96885],[-106.56872,31.96959],[-106.5686,31.96962],[-106.56849,31.96964],[-106.56831,31.96969],[-106.56821,31.96971],[-106.56812,31.96973],[-106.56799,31.96977],[-106.56794,31.96978],[-106.56786,31.96981],[-106.5677,31.96986],[-106.56756,31.9699],[-106.56745,31.96994],[-106.56735,31.96998],[-106.56723,31.97002],[-106.56711,31.97006],[-106.56695,31.97012],[-106.56687,31.97016],[-106.56678,31.9702],[-106.56677,31.9702],[-106.56662,31.97028],[-106.56646,31.97035],[-106.56588,31.97062],[-106.56548,31.97086],[-106.56524,31.97103],[-106.56503,31.9712],[-106.56493,31.97129],[-106.56479,31.97143],[-106.56475,31.97143],[-106.56475,31.97143],[-106.56464,31.97143],[-106.56389,31.97144],[-106.56377,31.97144],[-106.56301,31.97144],[-106.5629,31.97144],[-106.56226,31.97145],[-106.56206,31.97146],[-106.56193,31.97146],[-106.56126,31.97148],[-106.56059,31.97151],[-106.55991,31.97153],[-106.55924,31.97156],[-106.55856,31.97159],[-106.55789,31.97161],[-106.55735,31.97163],[-106.55722,31.97164],[-106.55709,31.97164],[-106.55635,31.97167],[-106.55563,31.9717],[-106.5549,31.97173],[-106.55417,31.97177],[-106.55345,31.97179],[-106.55272,31.97183],[-106.552,31.97186],[-106.55184,31.97186],[-106.55128,31.97189],[-106.55094,31.9719],[-106.55093,31.97232],[-106.55095,31.9729],[-106.55095,31.97311],[-106.55095,31.97339],[-106.55095,31.97362],[-106.55095,31.97392],[-106.55097,31.97447],[-106.55099,31.97526],[-106.551,31.97544],[-106.55104,31.97708],[-106.55105,31.97766],[-106.55105,31.97769],[-106.55107,31.97869],[-106.55109,31.97952],[-106.5511,31.98024],[-106.55111,31.98032],[-106.55112,31.98123],[-106.55115,31.98226],[-106.55115,31.98262],[-106.55116,31.98311],[-106.55132,31.99049],[-106.55142,31.99049],[-106.55174,31.99049],[-106.5521,31.99049],[-106.55231,31.99049],[-106.55415,31.9905],[-106.55678,31.9905],[-106.55686,31.9905],[-106.55749,31.9905],[-106.55761,31.9905],[-106.55808,31.99051],[-106.55911,31.99051],[-106.56025,31.9905],[-106.56034,31.9905],[-106.56054,31.9905],[-106.56064,31.9905],[-106.56086,31.9905],[-106.56095,31.9905],[-106.561,31.9905],[-106.56121,31.9905],[-106.56204,31.9905],[-106.5622,32.00074],[-106.56186,32.00075],[-106.56075,32.00076],[-106.55722,32.00076],[-106.54983,32.00076],[-106.53951,32.00077],[-106.52566,32.00077],[-106.514,32.00081],[-106.51399,31.99913],[-106.514,31.99829],[-106.51398,31.9973],[-106.51395,31.99544],[-106.51324,31.99337],[-106.51322,31.99333],[-106.51187,31.99196],[-106.51029,31.99043],[-106.51004,31.99018],[-106.50864,31.987],[-106.50847,31.98666],[-106.50702,31.98379],[-106.50674,31.98108],[-106.50724,31.97978],[-106.50726,31.9785],[-106.50709,31.97651]],[[-106.49035,31.86851],[-106.49035,31.86849],[-106.49,31.86852],[-106.47881,31.86888],[-106.47622,31.86897],[-106.45739,31.86946],[-106.4573,31.86946],[-106.45705,31.86947],[-106.45705,31.86947],[-106.45393,31.86953],[-106.45364,31.86943],[-106.45337,31.86954],[-106.45249,31.86956],[-106.45167,31.86957],[-106.45019,31.8696],[-106.44875,31.86962],[-106.44731,31.86965],[-106.44652,31.86967],[-106.44442,31.8697],[-106.44389,31.86971],[-106.44295,31.86973],[-106.44269,31.86974],[-106.44154,31.86976],[-106.44154,31.86963],[-106.44147,31.86963],[-106.44107,31.86964],[-106.4409,31.86964],[-106.44064,31.86964],[-106.44008,31.86965],[-106.43969,31.86966],[-106.43956,31.86966],[-106.43933,31.86966],[-106.43899,31.86967],[-106.43693,31.86971],[-106.43591,31.86973],[-106.43467,31.86975],[-106.4345,31.86975],[-106.43407,31.86975],[-106.43388,31.86975],[-106.43364,31.86976],[-106.43345,31.86977],[-106.4331,31.86977],[-106.43284,31.86978],[-106.43235,31.86979],[-106.4318,31.8698],[-106.43043,31.86982],[-106.42952,31.86984],[-106.42871,31.86985],[-106.42844,31.86985],[-106.42826,31.86985],[-106.42806,31.86985],[-106.42791,31.86985],[-106.42769,31.86986],[-106.42588,31.86989],[-106.42388,31.86993],[-106.42376,31.86993],[-106.42325,31.86993],[-106.42323,31.86993],[-106.42318,31.86993],[-106.42302,31.86993],[-106.42297,31.86994],[-106.4229,31.86994],[-106.42219,31.86995],[-106.4218,31.86995],[-106.42152,31.86996],[-106.42131,31.86996],[-106.42071,31.86998],[-106.42043,31.86998],[-106.41957,31.86999],[-106.41946,31.87],[-106.41932,31.87],[-106.41883,31.87001],[-106.41873,31.87001],[-106.4185,31.87001],[-106.41787,31.87002],[-106.41752,31.87003],[-106.41739,31.87003],[-106.41719,31.87004],[-106.41693,31.87004],[-106.41681,31.87004],[-106.41648,31.87005],[-106.41637,31.87005],[-106.41606,31.87006],[-106.41578,31.87006],[-106.41549,31.87007],[-106.41521,31.87007],[-106.41489,31.87008],[-106.41474,31.87008],[-106.41451,31.87008],[-106.41437,31.87009],[-106.41423,31.87009],[-106.41372,31.8701],[-106.41333,31.8701],[-106.41302,31.87011],[-106.41232,31.87013],[-106.41165,31.87014],[-106.41146,31.87015],[-106.41111,31.87015],[-106.41058,31.87016],[-106.41009,31.87017],[-106.40971,31.87017],[-106.40892,31.87019],[-106.40882,31.87019],[-106.40846,31.8702],[-106.40828,31.8702],[-106.40763,31.87022],[-106.40735,31.87023],[-106.4073,31.87023],[-106.40728,31.87022],[-106.40724,31.87022],[-106.40679,31.87019],[-106.40691,31.87001],[-106.4091,31.86655],[-106.41031,31.86463],[-106.41129,31.86311],[-106.41152,31.86275],[-106.41268,31.8609],[-106.41383,31.85909],[-106.41622,31.85534],[-106.41664,31.85468],[-106.41736,31.85351],[-106.42025,31.84897],[-106.42047,31.84862],[-106.42162,31.8468],[-106.42318,31.84434],[-106.42436,31.84249],[-106.4249,31.84163],[-106.42545,31.84076],[-106.42748,31.83757],[-106.42868,31.83566],[-106.42886,31.83537],[-106.42905,31.83506],[-106.42911,31.83491],[-106.4291,31.83489],[-106.42939,31.83445],[-106.43478,31.82606],[-106.43488,31.82588],[-106.43504,31.82588],[-106.43748,31.82194],[-106.43829,31.82064],[-106.43893,31.81963],[-106.43974,31.81797],[-106.44005,31.81713],[-106.44036,31.81604],[-106.44067,31.81492],[-106.44048,31.81464],[-106.44004,31.81419],[-106.43948,31.81357],[-106.43937,31.81261],[-106.43869,31.81262],[-106.43867,31.81243],[-106.43877,31.81243],[-106.43899,31.81235],[-106.43909,31.81231],[-106.4392,31.81226],[-106.43929,31.8122],[-106.4394,31.81212],[-106.43955,31.81198],[-106.43978,31.81169],[-106.44041,31.81086],[-106.44045,31.81079],[-106.44055,31.81063],[-106.44062,31.81049],[-106.44066,31.81038],[-106.44074,31.81015],[-106.44078,31.80999],[-106.4408,31.80983],[-106.44123,31.80669],[-106.44129,31.80628],[-106.44136,31.80556],[-106.44138,31.80512],[-106.44138,31.80484],[-106.44134,31.80412],[-106.44125,31.80349],[-106.44122,31.80336],[-106.44117,31.80308],[-106.44101,31.80231],[-106.44097,31.80207],[-106.44094,31.80193],[-106.44092,31.8018],[-106.44092,31.80175],[-106.44086,31.80132],[-106.44086,31.8013],[-106.44086,31.8013],[-106.44084,31.80114],[-106.44074,31.80104],[-106.44065,31.80098],[-106.44058,31.80096],[-106.4405,31.80095],[-106.44044,31.80095],[-106.4401,31.80104],[-106.43974,31.80114],[-106.43933,31.80125],[-106.43876,31.80125],[-106.43809,31.80126],[-106.43799,31.80126],[-106.43741,31.80126],[-106.43723,31.80125],[-106.43694,31.80126],[-106.43668,31.80126],[-106.43644,31.80126],[-106.43621,31.80126],[-106.43615,31.8012],[-106.436,31.80108],[-106.43553,31.80066],[-106.43511,31.8003],[-106.43475,31.79999],[-106.43427,31.79957],[-106.43388,31.79923],[-106.43368,31.79906],[-106.43315,31.7986],[-106.43271,31.79824],[-106.43267,31.79821],[-106.43225,31.79784],[-106.43207,31.79768],[-106.43173,31.79737],[-106.43167,31.79732],[-106.43132,31.79702],[-106.43132,31.79696],[-106.43132,31.79657],[-106.43132,31.79636],[-106.43133,31.79599],[-106.43134,31.7957],[-106.43134,31.79564],[-106.43134,31.79522],[-106.43134,31.79506],[-106.43134,31.79492],[-106.43135,31.79481],[-106.43136,31.79476],[-106.43137,31.7947],[-106.43142,31.79458],[-106.43145,31.79452],[-106.43146,31.79447],[-106.43146,31.79442],[-106.43146,31.79422],[-106.43146,31.79413],[-106.43146,31.79401],[-106.43147,31.79369],[-106.43147,31.7933],[-106.43147,31.79297],[-106.43148,31.79259],[-106.43148,31.79235],[-106.4315,31.79186],[-106.43151,31.7913],[-106.43153,31.79028],[-106.43153,31.78987],[-106.43154,31.78943],[-106.43154,31.78918],[-106.43155,31.78873],[-106.43157,31.78855],[-106.43157,31.78846],[-106.43157,31.78821],[-106.43159,31.78716],[-106.43159,31.78696],[-106.43159,31.78688],[-106.4316,31.78627],[-106.43161,31.78559],[-106.43161,31.78539],[-106.43163,31.78465],[-106.43163,31.78418],[-106.43164,31.78369],[-106.43126,31.78369],[-106.42945,31.78368],[-106.42935,31.78368],[-106.42918,31.78368],[-106.42911,31.78368],[-106.42899,31.78368],[-106.42885,31.78367],[-106.4286,31.78367],[-106.42831,31.78367],[-106.42795,31.78367],[-106.42738,31.78366],[-106.42679,31.78366],[-106.42655,31.78366],[-106.42649,31.78366],[-106.42648,31.78366],[-106.42645,31.78366],[-106.42613,31.78365],[-106.42597,31.78366],[-106.42574,31.78365],[-106.42551,31.78366],[-106.42489,31.78365],[-106.42471,31.78365],[-106.42457,31.78364],[-106.42428,31.78364],[-106.42386,31.78363],[-106.4234,31.78363],[-106.42316,31.78363],[-106.4229,31.78363],[-106.42267,31.78363],[-106.42257,31.78371],[-106.42226,31.78371],[-106.42216,31.78371],[-106.42204,31.78371],[-106.42186,31.78371],[-106.42174,31.78371],[-106.42139,31.78371],[-106.42122,31.78371],[-106.4208,31.7837],[-106.42074,31.7837],[-106.42064,31.7837],[-106.42052,31.7837],[-106.42044,31.7837],[-106.42024,31.7837],[-106.42009,31.7837],[-106.41998,31.7837],[-106.41986,31.7837],[-106.41943,31.78369],[-106.41929,31.78369],[-106.41919,31.78369],[-106.41902,31.7837],[-106.41895,31.7837],[-106.41886,31.78371],[-106.41878,31.78371],[-106.41871,31.78371],[-106.41868,31.78372],[-106.41864,31.78372],[-106.41851,31.78373],[-106.4184,31.78374],[-106.41835,31.78374],[-106.41831,31.78375],[-106.41818,31.78377],[-106.41802,31.78379],[-106.41791,31.78381],[-106.41772,31.78385],[-106.41757,31.78388],[-106.41725,31.78395],[-106.41711,31.78398],[-106.41697,31.78402],[-106.41683,31.78407],[-106.41702,31.78397],[-106.41809,31.78344],[-106.4189,31.78303],[-106.41906,31.78288],[-106.41925,31.78271],[-106.41948,31.78248],[-106.41962,31.78235],[-106.41971,31.78226],[-106.41984,31.78212],[-106.41991,31.78204],[-106.41995,31.78199],[-106.41998,31.78195],[-106.42001,31.78191],[-106.42008,31.78182],[-106.42014,31.78176],[-106.42026,31.7816],[-106.42034,31.78146],[-106.42045,31.78129],[-106.42052,31.78115],[-106.42058,31.78103],[-106.42062,31.78095],[-106.42072,31.78073],[-106.42076,31.78064],[-106.42084,31.78049],[-106.4209,31.78033],[-106.42095,31.7802],[-106.42105,31.78002],[-106.42112,31.77986],[-106.42122,31.77966],[-106.42126,31.77957],[-106.42133,31.77943],[-106.42152,31.77902],[-106.42165,31.77875],[-106.42174,31.77856],[-106.42183,31.77838],[-106.42189,31.77823],[-106.42201,31.77798],[-106.42208,31.77782],[-106.42213,31.77771],[-106.42195,31.77776],[-106.42176,31.77781],[-106.42167,31.77784],[-106.42089,31.77813],[-106.4208,31.77817],[-106.4207,31.77822],[-106.42054,31.7783],[-106.42021,31.77849],[-106.41969,31.7788],[-106.41948,31.77893],[-106.41889,31.7793],[-106.41881,31.77935],[-106.41826,31.77969],[-106.41807,31.77979],[-106.41762,31.78007],[-106.41748,31.78016],[-106.41738,31.78022],[-106.41723,31.78032],[-106.41692,31.78051],[-106.41651,31.78075],[-106.41615,31.78095],[-106.41585,31.7811],[-106.41551,31.78125],[-106.41528,31.78133],[-106.41493,31.78145],[-106.41445,31.78157],[-106.41421,31.78162],[-106.41397,31.78167],[-106.41382,31.78169],[-106.4135,31.78172],[-106.41318,31.78174],[-106.41308,31.78174],[-106.4129,31.78175],[-106.41252,31.78174],[-106.41204,31.78171],[-106.41166,31.78168],[-106.41129,31.78163],[-106.41066,31.78158],[-106.40982,31.7815],[-106.40955,31.78148],[-106.40908,31.78148],[-106.4087,31.78149],[-106.40826,31.78152],[-106.40783,31.78157],[-106.40757,31.78162],[-106.40725,31.78166],[-106.40711,31.78168],[-106.40704,31.78169],[-106.40704,31.78169],[-106.40698,31.7817],[-106.40683,31.78172],[-106.40515,31.78195],[-106.40309,31.78224],[-106.40275,31.78228],[-106.40246,31.7823],[-106.4019,31.78233],[-106.4015,31.78231],[-106.4012,31.78228],[-106.40104,31.78226],[-106.40093,31.78224],[-106.40065,31.78218],[-106.40034,31.78211],[-106.39998,31.78201],[-106.3996,31.78189],[-106.39944,31.78182],[-106.39922,31.78173],[-106.39809,31.78121],[-106.398,31.78117],[-106.3979,31.78088],[-106.39785,31.78072],[-106.3978,31.7806],[-106.39778,31.78056],[-106.39766,31.78027],[-106.39686,31.77838],[-106.39626,31.77694],[-106.39596,31.77625],[-106.39539,31.77489],[-106.39509,31.77421],[-106.39501,31.774],[-106.39483,31.77355],[-106.39452,31.77285],[-106.39409,31.77182],[-106.39399,31.77163],[-106.39398,31.77158],[-106.39394,31.77145],[-106.39386,31.77128],[-106.39362,31.77071],[-106.39349,31.77036],[-106.39342,31.77017],[-106.3933,31.76971],[-106.39322,31.76939],[-106.39314,31.7689],[-106.39311,31.76858],[-106.3931,31.76829],[-106.39311,31.76796],[-106.39313,31.76764],[-106.39316,31.76728],[-106.39322,31.76687],[-106.39323,31.76678],[-106.39363,31.76428],[-106.39366,31.76405],[-106.39393,31.76238],[-106.39405,31.76163],[-106.39406,31.76157],[-106.39408,31.76146],[-106.39426,31.76034],[-106.3944,31.75948],[-106.39442,31.75933],[-106.39442,31.75931],[-106.39443,31.75917],[-106.39443,31.75898],[-106.3944,31.75881],[-106.39435,31.75862],[-106.39427,31.75844],[-106.39417,31.75825],[-106.39411,31.75818],[-106.39403,31.75808],[-106.39403,31.75808],[-106.39395,31.75796],[-106.39389,31.75788],[-106.39378,31.75773],[-106.39373,31.75765],[-106.39372,31.75762],[-106.39369,31.75755],[-106.39457,31.75829],[-106.39529,31.7589],[-106.3956,31.75917],[-106.3963,31.75975],[-106.39642,31.75966],[-106.39655,31.75956],[-106.3981,31.75832],[-106.3992,31.75742],[-106.39941,31.75725],[-106.39917,31.75664],[-106.39827,31.75244],[-106.40006,31.75019],[-106.40136,31.74837],[-106.40268,31.7465],[-106.40332,31.74571],[-106.40357,31.74541],[-106.40371,31.74523],[-106.40377,31.74514],[-106.40402,31.74483],[-106.40407,31.74474],[-106.40413,31.74462],[-106.40437,31.74469],[-106.40688,31.74623],[-106.40754,31.74666],[-106.40796,31.74689],[-106.40813,31.74699],[-106.40821,31.74703],[-106.40822,31.74703],[-106.40883,31.74737],[-106.40947,31.74762],[-106.40949,31.74763],[-106.40972,31.74772],[-106.41075,31.74816],[-106.41162,31.74859],[-106.41224,31.74898],[-106.41303,31.74953],[-106.41385,31.75003],[-106.41553,31.75086],[-106.41746,31.75168],[-106.41859,31.75205],[-106.41882,31.75212],[-106.41885,31.75213],[-106.41954,31.75233],[-106.41992,31.75244],[-106.42023,31.75252],[-106.42042,31.75257],[-106.42096,31.7527],[-106.42186,31.75293],[-106.42353,31.75311],[-106.424,31.75317],[-106.4266,31.7535],[-106.42855,31.75367],[-106.42893,31.75372],[-106.42985,31.75383],[-106.43146,31.75408],[-106.43215,31.75421],[-106.43253,31.75431],[-106.4336,31.75461],[-106.43361,31.75461],[-106.43363,31.75461],[-106.43482,31.75501],[-106.4362,31.75561],[-106.43757,31.7563],[-106.43871,31.75699],[-106.44058,31.75816],[-106.44389,31.76023],[-106.44551,31.76125],[-106.44705,31.76222],[-106.44735,31.7624],[-106.44776,31.76267],[-106.44791,31.76275],[-106.4487,31.76324],[-106.44964,31.76383],[-106.45045,31.76415],[-106.45075,31.76427],[-106.45118,31.76437],[-106.45119,31.76437],[-106.45119,31.76438],[-106.45113,31.76475],[-106.4509,31.77797],[-106.4509,31.77819],[-106.45109,31.77821],[-106.45151,31.77823],[-106.45215,31.77823],[-106.4524,31.77823],[-106.45247,31.77823],[-106.4525,31.77823],[-106.45258,31.77823],[-106.45353,31.77824],[-106.45478,31.77825],[-106.4557,31.77825],[-106.45632,31.77826],[-106.45729,31.77825],[-106.4581,31.77825],[-106.45948,31.77826],[-106.4598,31.77826],[-106.45997,31.77827],[-106.4602,31.77827],[-106.46061,31.77827],[-106.46063,31.77827],[-106.46113,31.77827],[-106.46142,31.77827],[-106.46149,31.77827],[-106.46149,31.77834],[-106.46149,31.77867],[-106.46148,31.77893],[-106.46149,31.77907],[-106.46148,31.77916],[-106.46148,31.77938],[-106.46148,31.77969],[-106.46147,31.77992],[-106.46147,31.78028],[-106.46147,31.7807],[-106.46147,31.7808],[-106.46147,31.78101],[-106.46147,31.78112],[-106.46147,31.7812],[-106.46147,31.78124],[-106.46147,31.78132],[-106.46147,31.78137],[-106.46146,31.78172],[-106.46146,31.78188],[-106.46146,31.7822],[-106.46146,31.78227],[-106.46145,31.78234],[-106.46145,31.78244],[-106.46146,31.78255],[-106.46145,31.78266],[-106.46145,31.78273],[-106.46145,31.78291],[-106.46145,31.78325],[-106.46145,31.78344],[-106.46145,31.78374],[-106.46148,31.78384],[-106.46149,31.78392],[-106.46149,31.78412],[-106.46149,31.78426],[-106.46149,31.78432],[-106.46149,31.78445],[-106.46149,31.7846],[-106.46149,31.78464],[-106.46149,31.78485],[-106.46149,31.78498],[-106.46144,31.78502],[-106.46145,31.78549],[-106.46145,31.78551],[-106.46156,31.78544],[-106.46195,31.78523],[-106.46323,31.78454],[-106.46426,31.78399],[-106.46445,31.78388],[-106.46451,31.78385],[-106.4646,31.78379],[-106.46486,31.78361],[-106.46505,31.78346],[-106.46515,31.78337],[-106.46523,31.7833],[-106.4656,31.78293],[-106.46659,31.78192],[-106.46664,31.78197],[-106.46692,31.78228],[-106.46702,31.78239],[-106.46718,31.78251],[-106.46762,31.78283],[-106.46777,31.78293],[-106.46772,31.78299],[-106.46768,31.78303],[-106.46763,31.78307],[-106.46757,31.78314],[-106.46752,31.78318],[-106.46757,31.78319],[-106.46763,31.7832],[-106.46769,31.78322],[-106.46772,31.78322],[-106.46779,31.78322],[-106.46784,31.78323],[-106.46792,31.78323],[-106.46805,31.78323],[-106.46822,31.78323],[-106.46832,31.78323],[-106.46903,31.78323],[-106.46919,31.78323],[-106.46933,31.78326],[-106.47018,31.78326],[-106.47031,31.78326],[-106.47044,31.78324],[-106.47055,31.78324],[-106.47206,31.78325],[-106.47263,31.78325],[-106.47356,31.78325],[-106.47356,31.78415],[-106.47356,31.78472],[-106.47356,31.78506],[-106.47355,31.78597],[-106.47354,31.78669],[-106.47355,31.78687],[-106.47356,31.78702],[-106.47356,31.78755],[-106.47355,31.78761],[-106.47356,31.78763],[-106.47356,31.78764],[-106.47355,31.78766],[-106.47355,31.78769],[-106.47354,31.78771],[-106.47352,31.78773],[-106.47351,31.78774],[-106.47348,31.78776],[-106.47346,31.78777],[-106.47343,31.78777],[-106.47341,31.78778],[-106.47247,31.78777],[-106.47203,31.78778],[-106.4709,31.78777],[-106.47051,31.78777],[-106.47051,31.78794],[-106.47051,31.78869],[-106.4705,31.78929],[-106.47051,31.78959],[-106.47051,31.79039],[-106.4705,31.79049],[-106.47049,31.79059],[-106.47049,31.79092],[-106.47049,31.79139],[-106.47014,31.7914],[-106.46937,31.79139],[-106.46899,31.79139],[-106.46898,31.79213],[-106.46897,31.79229],[-106.46914,31.79229],[-106.46926,31.7923],[-106.46949,31.79232],[-106.46966,31.79233],[-106.4705,31.79234],[-106.4706,31.79235],[-106.47068,31.79238],[-106.47064,31.7924],[-106.47056,31.79247],[-106.4705,31.79255],[-106.47048,31.79257],[-106.47039,31.79272],[-106.47032,31.7928],[-106.47026,31.79287],[-106.47018,31.79292],[-106.47011,31.79295],[-106.47006,31.79296],[-106.46982,31.79302],[-106.46973,31.79305],[-106.46963,31.7931],[-106.46955,31.79317],[-106.46952,31.79321],[-106.46949,31.79325],[-106.46944,31.79334],[-106.46942,31.79343],[-106.46941,31.79378],[-106.46941,31.79393],[-106.46941,31.79395],[-106.46939,31.79403],[-106.46936,31.79411],[-106.46932,31.79417],[-106.46927,31.79424],[-106.46916,31.79432],[-106.46904,31.79443],[-106.46891,31.79455],[-106.46883,31.79464],[-106.46873,31.79475],[-106.46869,31.79481],[-106.46864,31.79486],[-106.46862,31.79489],[-106.46853,31.79503],[-106.46838,31.79501],[-106.46799,31.79501],[-106.46747,31.79501],[-106.46734,31.79501],[-106.46723,31.79501],[-106.46667,31.795],[-106.46609,31.795],[-106.46595,31.795],[-106.46596,31.79505],[-106.46596,31.79523],[-106.46595,31.79582],[-106.46595,31.79591],[-106.46595,31.79602],[-106.46595,31.79625],[-106.46595,31.79641],[-106.46594,31.79682],[-106.46594,31.79736],[-106.46594,31.79766],[-106.46594,31.79772],[-106.46594,31.79843],[-106.46594,31.79862],[-106.46593,31.79915],[-106.46594,31.79941],[-106.46593,31.79953],[-106.46594,31.79961],[-106.46593,31.79969],[-106.46593,31.80044],[-106.46593,31.8008],[-106.46593,31.80097],[-106.46593,31.80134],[-106.46592,31.80166],[-106.46592,31.80178],[-106.46592,31.80199],[-106.46592,31.80214],[-106.46592,31.80225],[-106.46592,31.80233],[-106.46593,31.80264],[-106.46592,31.8031],[-106.46592,31.80315],[-106.46592,31.8032],[-106.46592,31.80399],[-106.46592,31.80405],[-106.46592,31.80425],[-106.46592,31.80493],[-106.46591,31.80595],[-106.46591,31.80623],[-106.46591,31.80643],[-106.46591,31.80654],[-106.46591,31.80692],[-106.46603,31.80692],[-106.46618,31.80692],[-106.46702,31.80693],[-106.46724,31.80693],[-106.46749,31.80693],[-106.46755,31.80693],[-106.46761,31.80696],[-106.46765,31.80698],[-106.46768,31.807],[-106.46767,31.80708],[-106.46767,31.80784],[-106.46766,31.80785],[-106.46767,31.80874],[-106.46765,31.8095],[-106.46765,31.80964],[-106.46765,31.81011],[-106.46764,31.81055],[-106.46703,31.81055],[-106.4662,31.81055],[-106.46589,31.81055],[-106.46589,31.81068],[-106.46588,31.81112],[-106.46588,31.81132],[-106.46588,31.81137],[-106.46588,31.81152],[-106.46588,31.81166],[-106.46588,31.81173],[-106.46588,31.81182],[-106.46588,31.81193],[-106.46586,31.81197],[-106.46581,31.81205],[-106.46582,31.81214],[-106.46582,31.81243],[-106.46583,31.81262],[-106.46583,31.81279],[-106.46583,31.8132],[-106.46584,31.81338],[-106.46584,31.81394],[-106.46585,31.81417],[-106.46585,31.81433],[-106.46586,31.81471],[-106.46586,31.81481],[-106.46586,31.81498],[-106.46587,31.81533],[-106.46587,31.81573],[-106.46588,31.81615],[-106.46588,31.8168],[-106.4659,31.8178],[-106.46591,31.81828],[-106.46593,31.81939],[-106.46593,31.81945],[-106.46593,31.81967],[-106.46594,31.81991],[-106.46594,31.82007],[-106.46594,31.82011],[-106.46594,31.82019],[-106.46594,31.82023],[-106.46593,31.82032],[-106.46593,31.82039],[-106.46592,31.82043],[-106.46592,31.82051],[-106.46591,31.8206],[-106.4659,31.82069],[-106.46589,31.82076],[-106.46588,31.8208],[-106.46585,31.82094],[-106.46584,31.82099],[-106.46582,31.82108],[-106.4658,31.82115],[-106.46579,31.82118],[-106.46576,31.82127],[-106.46575,31.82132],[-106.46573,31.82137],[-106.46569,31.82146],[-106.46568,31.8215],[-106.46563,31.82159],[-106.46561,31.82165],[-106.46557,31.82173],[-106.46555,31.82178],[-106.46562,31.82178],[-106.46565,31.82178],[-106.46575,31.82178],[-106.46581,31.82178],[-106.46614,31.82178],[-106.46619,31.82178],[-106.4665,31.82178],[-106.46753,31.82179],[-106.46781,31.82179],[-106.46787,31.82179],[-106.46793,31.82179],[-106.46798,31.82179],[-106.47045,31.82185],[-106.4709,31.82187],[-106.47096,31.82187],[-106.47102,31.82187],[-106.47108,31.82187],[-106.47114,31.82188],[-106.4712,31.82188],[-106.47125,31.82189],[-106.47131,31.82189],[-106.47137,31.8219],[-106.47143,31.8219],[-106.47149,31.82191],[-106.47155,31.82192],[-106.4716,31.82193],[-106.47163,31.82193],[-106.47165,31.82194],[-106.47168,31.82194],[-106.47171,31.82195],[-106.47173,31.82196],[-106.47176,31.82196],[-106.47178,31.82197],[-106.47181,31.82198],[-106.47183,31.82199],[-106.47186,31.822],[-106.47188,31.82201],[-106.47191,31.82202],[-106.47193,31.82203],[-106.47195,31.82204],[-106.47198,31.82205],[-106.472,31.82206],[-106.47202,31.82207],[-106.47205,31.82208],[-106.47207,31.82209],[-106.47209,31.82211],[-106.47211,31.82212],[-106.47213,31.82213],[-106.47216,31.82215],[-106.47218,31.82216],[-106.47249,31.82239],[-106.47251,31.8224],[-106.47253,31.82242],[-106.47255,31.82243],[-106.47257,31.82244],[-106.47259,31.82245],[-106.47261,31.82247],[-106.47263,31.82248],[-106.47265,31.82249],[-106.47268,31.8225],[-106.4727,31.82251],[-106.47272,31.82252],[-106.47274,31.82253],[-106.47276,31.82254],[-106.47279,31.82254],[-106.47281,31.82255],[-106.47283,31.82256],[-106.47286,31.82257],[-106.47288,31.82257],[-106.4729,31.82258],[-106.47293,31.82259],[-106.47295,31.8226],[-106.47297,31.8226],[-106.47339,31.82269],[-106.47342,31.82269],[-106.47344,31.8227],[-106.47347,31.82271],[-106.4735,31.82271],[-106.47352,31.82272],[-106.47355,31.82272],[-106.47358,31.82273],[-106.4736,31.82274],[-106.47363,31.82274],[-106.47365,31.82275],[-106.47368,31.82276],[-106.47371,31.82277],[-106.47373,31.82278],[-106.47376,31.82279],[-106.47378,31.8228],[-106.47381,31.82281],[-106.47385,31.82283],[-106.47389,31.82285],[-106.47393,31.82288],[-106.47397,31.8229],[-106.47401,31.82292],[-106.47405,31.82295],[-106.47408,31.82297],[-106.47412,31.823],[-106.47416,31.82303],[-106.4742,31.82305],[-106.47423,31.82308],[-106.47427,31.82311],[-106.4745,31.82331],[-106.4748,31.82357],[-106.47507,31.82382],[-106.47533,31.82407],[-106.47534,31.82409],[-106.47535,31.8241],[-106.47537,31.82411],[-106.47538,31.82413],[-106.47539,31.82414],[-106.4754,31.82416],[-106.47541,31.82417],[-106.47542,31.82419],[-106.47543,31.8242],[-106.47544,31.82422],[-106.47545,31.82424],[-106.47546,31.82425],[-106.47547,31.82427],[-106.47548,31.82428],[-106.47548,31.8243],[-106.47549,31.82432],[-106.4755,31.82434],[-106.4755,31.82435],[-106.47551,31.82437],[-106.47551,31.82439],[-106.47552,31.8244],[-106.47552,31.82442],[-106.47553,31.82444],[-106.47553,31.82448],[-106.47554,31.8245],[-106.47554,31.82453],[-106.47555,31.82455],[-106.47555,31.82457],[-106.47555,31.8246],[-106.47555,31.82462],[-106.47555,31.82464],[-106.47555,31.82467],[-106.47556,31.82469],[-106.47555,31.82471],[-106.47555,31.82474],[-106.47555,31.82476],[-106.47555,31.82479],[-106.47555,31.82481],[-106.47551,31.82519],[-106.47548,31.8255],[-106.47545,31.82587],[-106.47542,31.82618],[-106.47541,31.82635],[-106.4754,31.82658],[-106.47542,31.82679],[-106.47549,31.82749],[-106.47566,31.8292],[-106.47573,31.82991],[-106.47598,31.83244],[-106.47602,31.83266],[-106.47605,31.83278],[-106.4761,31.83293],[-106.47615,31.83302],[-106.47622,31.83312],[-106.47631,31.83323],[-106.47653,31.83341],[-106.47672,31.83355],[-106.477,31.83377],[-106.47722,31.83396],[-106.47726,31.834],[-106.47739,31.83416],[-106.47748,31.83429],[-106.47755,31.83442],[-106.47761,31.83458],[-106.47772,31.83515],[-106.47785,31.83569],[-106.47789,31.83579],[-106.47794,31.8359],[-106.47802,31.83601],[-106.47811,31.83611],[-106.47823,31.83622],[-106.47829,31.83627],[-106.47835,31.83631],[-106.4785,31.8364],[-106.4786,31.83644],[-106.47875,31.83649],[-106.4789,31.83653],[-106.47903,31.83655],[-106.47932,31.83656],[-106.48025,31.8365],[-106.48063,31.83648],[-106.4808,31.8365],[-106.48092,31.83653],[-106.481,31.83656],[-106.4811,31.83661],[-106.4812,31.83668],[-106.48135,31.83682],[-106.48183,31.83735],[-106.48232,31.83787],[-106.48248,31.83803],[-106.48259,31.83818],[-106.48283,31.8386],[-106.48305,31.83898],[-106.48342,31.83961],[-106.48347,31.83968],[-106.48352,31.83975],[-106.48363,31.83988],[-106.48371,31.83997],[-106.48385,31.84009],[-106.48445,31.84054],[-106.48504,31.84097],[-106.48617,31.84182],[-106.48663,31.84215],[-106.48669,31.8422],[-106.48679,31.84225],[-106.4869,31.84229],[-106.48699,31.84231],[-106.48711,31.84234],[-106.48726,31.84234],[-106.4878,31.8423],[-106.48807,31.84228],[-106.48822,31.84229],[-106.48836,31.84232],[-106.48852,31.84236],[-106.48856,31.84238],[-106.48878,31.84247],[-106.48886,31.8425],[-106.48902,31.84256],[-106.48913,31.8426],[-106.48923,31.84263],[-106.48929,31.84264],[-106.48929,31.84268],[-106.48935,31.84278],[-106.48975,31.84337],[-106.48977,31.84343],[-106.48979,31.8435],[-106.4898,31.84364],[-106.48981,31.84372],[-106.48981,31.84376],[-106.48984,31.84382],[-106.48985,31.84385],[-106.48986,31.84388],[-106.48988,31.84391],[-106.48991,31.84395],[-106.48994,31.84399],[-106.48997,31.84401],[-106.49175,31.8486],[-106.49375,31.8507],[-106.49371,31.85372],[-106.49366,31.85997],[-106.49367,31.86144],[-106.49365,31.86188],[-106.49388,31.86311],[-106.49414,31.86449],[-106.49445,31.86616],[-106.49466,31.8673],[-106.49487,31.86849],[-106.49462,31.8685],[-106.49035,31.86851]],[[-106.34921,31.84072],[-106.33721,31.8409],[-106.33086,31.84099],[-106.33083,31.84049],[-106.33045,31.82748],[-106.33015,31.81283],[-106.32991,31.80067],[-106.32987,31.79862],[-106.32982,31.79863],[-106.32982,31.79863],[-106.32976,31.79864],[-106.32974,31.79864],[-106.32969,31.79864],[-106.31944,31.80003],[-106.31599,31.80048],[-106.30534,31.80188],[-106.30517,31.8019],[-106.30268,31.80219],[-106.30242,31.80222],[-106.30239,31.80181],[-106.30245,31.8017],[-106.30245,31.80158],[-106.30245,31.80126],[-106.30245,31.80106],[-106.30245,31.80075],[-106.30244,31.80014],[-106.30244,31.79979],[-106.30243,31.79938],[-106.30244,31.79913],[-106.30243,31.79885],[-106.30243,31.79859],[-106.30242,31.79815],[-106.30242,31.79786],[-106.30242,31.79771],[-106.30242,31.79737],[-106.30242,31.79709],[-106.30241,31.79675],[-106.30241,31.79649],[-106.3024,31.7964],[-106.3024,31.79626],[-106.3024,31.79614],[-106.3024,31.7958],[-106.30239,31.79481],[-106.30239,31.79453],[-106.30239,31.79426],[-106.30238,31.79367],[-106.30238,31.79347],[-106.30237,31.79314],[-106.30237,31.79276],[-106.30236,31.79204],[-106.30236,31.79179],[-106.30235,31.79161],[-106.30235,31.79152],[-106.30235,31.79122],[-106.30235,31.79099],[-106.30235,31.79094],[-106.30235,31.79067],[-106.30245,31.79053],[-106.30238,31.79054],[-106.3024,31.79043],[-106.30239,31.79015],[-106.30239,31.78988],[-106.30238,31.78963],[-106.30238,31.78925],[-106.30237,31.78901],[-106.30237,31.78861],[-106.30236,31.78819],[-106.30235,31.78728],[-106.30234,31.7864],[-106.30234,31.78573],[-106.30233,31.78552],[-106.30233,31.78517],[-106.30233,31.78501],[-106.30233,31.78462],[-106.30232,31.78445],[-106.30232,31.78373],[-106.30232,31.7835],[-106.30232,31.78325],[-106.30232,31.78286],[-106.30232,31.78266],[-106.30232,31.78256],[-106.30245,31.78251],[-106.30317,31.78256],[-106.30327,31.78257],[-106.30339,31.78259],[-106.3035,31.78262],[-106.30357,31.78263],[-106.30372,31.78267],[-106.30376,31.78268],[-106.30383,31.7827],[-106.30404,31.78277],[-106.30415,31.78281],[-106.30436,31.78289],[-106.30458,31.78298],[-106.30479,31.78306],[-106.30507,31.78318],[-106.3054,31.78332],[-106.30564,31.78342],[-106.30569,31.78344],[-106.30581,31.78349],[-106.30591,31.78352],[-106.30601,31.78356],[-106.30609,31.78358],[-106.30612,31.78359],[-106.30623,31.78362],[-106.30635,31.78365],[-106.30645,31.78367],[-106.30656,31.78369],[-106.30668,31.78371],[-106.30677,31.78372],[-106.3069,31.78374],[-106.30694,31.78375],[-106.30702,31.78375],[-106.30713,31.78376],[-106.30724,31.78378],[-106.30726,31.78378],[-106.30737,31.78378],[-106.3077,31.78379],[-106.30784,31.78379],[-106.30794,31.78379],[-106.30811,31.78379],[-106.30858,31.78379],[-106.30906,31.78379],[-106.30944,31.78379],[-106.30965,31.78379],[-106.30975,31.78379],[-106.30988,31.78379],[-106.30999,31.78378],[-106.31011,31.78378],[-106.31022,31.78378],[-106.31034,31.78378],[-106.31056,31.78378],[-106.3108,31.78378],[-106.31089,31.78378],[-106.31098,31.78378],[-106.31122,31.78378],[-106.3115,31.78378],[-106.31171,31.78378],[-106.31185,31.78379],[-106.31206,31.78378],[-106.3122,31.78379],[-106.31241,31.78378],[-106.31253,31.78378],[-106.31262,31.78378],[-106.3127,31.78379],[-106.31285,31.78378],[-106.3131,31.78378],[-106.31393,31.78379],[-106.31399,31.78379],[-106.31408,31.78379],[-106.31431,31.78379],[-106.31445,31.78378],[-106.31463,31.78378],[-106.31479,31.78378],[-106.31501,31.78378],[-106.31515,31.78378],[-106.31548,31.78378],[-106.31559,31.78378],[-106.31566,31.78378],[-106.31572,31.78378],[-106.31582,31.78378],[-106.31594,31.78378],[-106.31604,31.78378],[-106.31611,31.78378],[-106.31617,31.78378],[-106.31628,31.78378],[-106.31639,31.78378],[-106.31653,31.78378],[-106.31667,31.78378],[-106.31699,31.78378],[-106.31729,31.78378],[-106.31743,31.78378],[-106.31765,31.78378],[-106.3178,31.78378],[-106.31786,31.78378],[-106.3181,31.78378],[-106.31833,31.78378],[-106.31845,31.78378],[-106.31856,31.78378],[-106.31865,31.78378],[-106.31866,31.78364],[-106.31866,31.78319],[-106.31866,31.78255],[-106.31866,31.78232],[-106.31864,31.78173],[-106.31864,31.78116],[-106.31863,31.78082],[-106.31863,31.78044],[-106.31862,31.7803],[-106.3186,31.78017],[-106.31855,31.78004],[-106.31852,31.77997],[-106.31849,31.77993],[-106.31837,31.7798],[-106.31833,31.77976],[-106.3183,31.77973],[-106.31809,31.7796],[-106.31823,31.77945],[-106.31827,31.7794],[-106.31843,31.77922],[-106.31852,31.77909],[-106.31854,31.77906],[-106.31855,31.77904],[-106.31857,31.77899],[-106.31858,31.77896],[-106.3186,31.7789],[-106.31862,31.77871],[-106.31862,31.77845],[-106.31862,31.77802],[-106.31862,31.77767],[-106.31863,31.77735],[-106.31861,31.77649],[-106.31848,31.77649],[-106.31826,31.77649],[-106.31775,31.77649],[-106.31758,31.77649],[-106.31715,31.77649],[-106.31688,31.77649],[-106.31676,31.77649],[-106.31666,31.77649],[-106.31657,31.77648],[-106.3165,31.77648],[-106.31651,31.77662],[-106.3165,31.77695],[-106.31649,31.77712],[-106.31649,31.77724],[-106.31649,31.77742],[-106.31649,31.77752],[-106.31648,31.77761],[-106.31645,31.77769],[-106.31639,31.77781],[-106.31635,31.77787],[-106.3163,31.77793],[-106.31625,31.77798],[-106.31616,31.77808],[-106.31614,31.7781],[-106.31602,31.77823],[-106.31573,31.77802],[-106.31542,31.77783],[-106.31533,31.77778],[-106.31499,31.77754],[-106.31466,31.77733],[-106.31436,31.77713],[-106.31403,31.77691],[-106.31362,31.77663],[-106.31326,31.77639],[-106.31294,31.77617],[-106.3126,31.77595],[-106.31247,31.77587],[-106.31218,31.77568],[-106.3119,31.77549],[-106.31182,31.77544],[-106.31136,31.77513],[-106.31099,31.77489],[-106.3108,31.77476],[-106.31046,31.77453],[-106.31025,31.77438],[-106.31011,31.7743],[-106.30977,31.77407],[-106.30941,31.77384],[-106.30915,31.77367],[-106.30908,31.77362],[-106.30871,31.77338],[-106.30859,31.77329],[-106.30802,31.77292],[-106.30769,31.7727],[-106.30749,31.77257],[-106.30747,31.77256],[-106.30739,31.7725],[-106.30732,31.77245],[-106.30724,31.7724],[-106.30714,31.77234],[-106.30705,31.77229],[-106.30696,31.77224],[-106.30686,31.7722],[-106.3068,31.77218],[-106.30669,31.77215],[-106.3066,31.77213],[-106.30667,31.77206],[-106.30671,31.77201],[-106.30673,31.77198],[-106.30676,31.77193],[-106.30677,31.77192],[-106.30679,31.77188],[-106.30685,31.7718],[-106.30688,31.77171],[-106.3069,31.77163],[-106.30692,31.77152],[-106.30692,31.77137],[-106.30692,31.77094],[-106.30691,31.77055],[-106.3069,31.77012],[-106.30691,31.76989],[-106.3069,31.76967],[-106.30692,31.76949],[-106.30692,31.76945],[-106.30692,31.76941],[-106.30736,31.76941],[-106.30792,31.76941],[-106.3082,31.76941],[-106.30845,31.76941],[-106.3094,31.76941],[-106.30958,31.76941],[-106.31016,31.76942],[-106.31061,31.76942],[-106.31103,31.76942],[-106.31136,31.76941],[-106.31142,31.76941],[-106.31153,31.76941],[-106.31164,31.76939],[-106.31168,31.76939],[-106.31176,31.76938],[-106.31187,31.76936],[-106.31206,31.76933],[-106.31211,31.76931],[-106.31216,31.7693],[-106.31221,31.76929],[-106.31224,31.76928],[-106.31232,31.76926],[-106.31244,31.76923],[-106.31254,31.7692],[-106.31264,31.76918],[-106.31275,31.76915],[-106.31286,31.76913],[-106.313,31.76911],[-106.31308,31.7691],[-106.3132,31.76909],[-106.31331,31.76908],[-106.31347,31.76908],[-106.31366,31.76908],[-106.31379,31.76907],[-106.31387,31.76907],[-106.31392,31.76907],[-106.31399,31.76907],[-106.31409,31.76907],[-106.31417,31.76907],[-106.31422,31.76907],[-106.31442,31.76906],[-106.31456,31.76906],[-106.31467,31.76906],[-106.31479,31.76906],[-106.31494,31.76906],[-106.31512,31.76906],[-106.31525,31.76906],[-106.31541,31.76906],[-106.31548,31.76906],[-106.31558,31.76906],[-106.3157,31.76906],[-106.3158,31.76906],[-106.31589,31.76906],[-106.31592,31.76905],[-106.31597,31.76905],[-106.31604,31.76905],[-106.31615,31.76905],[-106.31627,31.76905],[-106.31638,31.76905],[-106.3165,31.76905],[-106.31661,31.76905],[-106.31673,31.76905],[-106.31682,31.76905],[-106.31696,31.76905],[-106.31707,31.76905],[-106.31719,31.76905],[-106.31763,31.76904],[-106.31773,31.76904],[-106.31783,31.76904],[-106.31788,31.76904],[-106.31798,31.76904],[-106.31809,31.76904],[-106.31821,31.76903],[-106.31832,31.76904],[-106.31844,31.76903],[-106.31855,31.76903],[-106.31865,31.76903],[-106.31873,31.76903],[-106.3188,31.76903],[-106.31889,31.76903],[-106.31893,31.76903],[-106.319,31.76903],[-106.31912,31.76903],[-106.31923,31.76903],[-106.31935,31.76903],[-106.31947,31.76903],[-106.31956,31.76903],[-106.31969,31.76902],[-106.31982,31.76902],[-106.31994,31.76902],[-106.32003,31.76903],[-106.32014,31.76902],[-106.32027,31.76902],[-106.32037,31.76902],[-106.32048,31.76902],[-106.32058,31.76902],[-106.32071,31.76902],[-106.32082,31.76902],[-106.32097,31.76902],[-106.32106,31.76902],[-106.32117,31.76902],[-106.3214,31.76901],[-106.32149,31.76901],[-106.32171,31.76901],[-106.32182,31.76901],[-106.32203,31.76901],[-106.32206,31.76901],[-106.32226,31.76901],[-106.32246,31.76901],[-106.32253,31.76901],[-106.32265,31.76901],[-106.32271,31.76901],[-106.32277,31.76901],[-106.32287,31.76901],[-106.32312,31.76901],[-106.32323,31.76901],[-106.32333,31.76901],[-106.32345,31.769],[-106.32353,31.769],[-106.32357,31.769],[-106.32373,31.769],[-106.32392,31.769],[-106.32402,31.769],[-106.32407,31.769],[-106.32414,31.769],[-106.32425,31.769],[-106.32437,31.76901],[-106.32448,31.76902],[-106.32459,31.76904],[-106.32474,31.76906],[-106.32481,31.76907],[-106.32492,31.7691],[-106.32503,31.76913],[-106.32515,31.76917],[-106.32524,31.7692],[-106.32534,31.76924],[-106.32536,31.76925],[-106.32541,31.76927],[-106.32544,31.76929],[-106.32546,31.7693],[-106.32561,31.76938],[-106.32565,31.7694],[-106.32569,31.76943],[-106.32573,31.76945],[-106.32574,31.76946],[-106.32582,31.7695],[-106.32592,31.76956],[-106.326,31.76961],[-106.32606,31.76964],[-106.3261,31.76966],[-106.32617,31.76971],[-106.32628,31.76976],[-106.32634,31.7698],[-106.32652,31.76991],[-106.32658,31.76994],[-106.3267,31.77001],[-106.32677,31.77005],[-106.32696,31.77016],[-106.32706,31.77022],[-106.32718,31.77029],[-106.32725,31.77033],[-106.32732,31.77037],[-106.32752,31.77049],[-106.32767,31.77058],[-106.32777,31.77064],[-106.3278,31.77066],[-106.32786,31.77069],[-106.32798,31.77076],[-106.32818,31.77087],[-106.32828,31.77093],[-106.32831,31.77095],[-106.32837,31.77098],[-106.32846,31.77103],[-106.3285,31.77106],[-106.32859,31.77111],[-106.32864,31.77114],[-106.32881,31.77124],[-106.32884,31.77126],[-106.32891,31.7713],[-106.32893,31.77131],[-106.329,31.77135],[-106.32903,31.77137],[-106.32905,31.77138],[-106.32913,31.77143],[-106.32921,31.77148],[-106.32931,31.77154],[-106.32935,31.77156],[-106.32943,31.77161],[-106.32949,31.77164],[-106.32954,31.77167],[-106.32957,31.77169],[-106.32959,31.7717],[-106.3296,31.77171],[-106.32979,31.77181],[-106.32988,31.77186],[-106.32998,31.77191],[-106.33008,31.77195],[-106.33015,31.77198],[-106.33022,31.77201],[-106.33028,31.77203],[-106.33039,31.77207],[-106.3305,31.7721],[-106.3306,31.77212],[-106.33072,31.77215],[-106.33084,31.77216],[-106.33088,31.77217],[-106.33094,31.77218],[-106.33106,31.77219],[-106.33117,31.7722],[-106.33128,31.7722],[-106.3314,31.7722],[-106.33148,31.7722],[-106.33176,31.7722],[-106.33185,31.7722],[-106.33196,31.7722],[-106.33216,31.7722],[-106.33236,31.7722],[-106.33242,31.7722],[-106.33249,31.7722],[-106.33258,31.7722],[-106.33265,31.7722],[-106.33277,31.7722],[-106.33286,31.77219],[-106.33299,31.77219],[-106.3331,31.77219],[-106.33319,31.77219],[-106.33323,31.77219],[-106.33333,31.77219],[-106.33343,31.77219],[-106.33356,31.77219],[-106.33367,31.77218],[-106.33376,31.77218],[-106.33391,31.77219],[-106.33398,31.77218],[-106.33402,31.77218],[-106.3341,31.77218],[-106.33424,31.77218],[-106.33436,31.77218],[-106.33447,31.77218],[-106.33458,31.77218],[-106.33467,31.77218],[-106.33476,31.77217],[-106.33481,31.77217],[-106.33488,31.77217],[-106.3353,31.77217],[-106.33538,31.77217],[-106.33544,31.77217],[-106.33552,31.77217],[-106.33562,31.77217],[-106.33572,31.77217],[-106.33584,31.77217],[-106.33591,31.77217],[-106.33595,31.77217],[-106.33607,31.77217],[-106.33615,31.77217],[-106.33618,31.77216],[-106.33621,31.77216],[-106.3363,31.77217],[-106.33641,31.77216],[-106.33648,31.77216],[-106.33653,31.77216],[-106.33664,31.77216],[-106.33676,31.77216],[-106.33687,31.77216],[-106.33698,31.77216],[-106.33709,31.77216],[-106.33717,31.77216],[-106.33724,31.77216],[-106.33732,31.77215],[-106.33739,31.77215],[-106.33767,31.77215],[-106.33778,31.77215],[-106.33801,31.77215],[-106.33806,31.77215],[-106.33813,31.77215],[-106.33823,31.77215],[-106.33831,31.77215],[-106.33846,31.77215],[-106.33858,31.77215],[-106.33869,31.77215],[-106.3388,31.77214],[-106.33898,31.77214],[-106.33904,31.77214],[-106.33925,31.77214],[-106.33949,31.77213],[-106.3396,31.77213],[-106.33964,31.77213],[-106.33981,31.77213],[-106.33996,31.77213],[-106.34013,31.77213],[-106.34033,31.77213],[-106.34039,31.77213],[-106.3405,31.77213],[-106.34062,31.77213],[-106.34078,31.77214],[-106.34086,31.77214],[-106.34096,31.77214],[-106.34109,31.77214],[-106.34119,31.77214],[-106.34128,31.77213],[-106.34142,31.77213],[-106.34165,31.77212],[-106.34176,31.7721],[-106.34187,31.77208],[-106.34198,31.77205],[-106.34208,31.77202],[-106.34219,31.77198],[-106.3423,31.77193],[-106.3424,31.77189],[-106.34252,31.77184],[-106.3426,31.77181],[-106.34268,31.77177],[-106.3428,31.77172],[-106.3429,31.77168],[-106.34301,31.77163],[-106.34309,31.77159],[-106.34318,31.77155],[-106.34329,31.77151],[-106.34339,31.77147],[-106.34342,31.77145],[-106.34351,31.77141],[-106.34363,31.77136],[-106.34372,31.77132],[-106.34387,31.77125],[-106.34401,31.77119],[-106.34412,31.77114],[-106.34422,31.77109],[-106.34451,31.77096],[-106.34464,31.77091],[-106.34483,31.77082],[-106.34493,31.77079],[-106.34504,31.77073],[-106.34514,31.77069],[-106.34526,31.77065],[-106.34536,31.77062],[-106.34546,31.7706],[-106.34558,31.77057],[-106.34568,31.77056],[-106.3458,31.77055],[-106.34601,31.77054],[-106.34614,31.77053],[-106.34626,31.77053],[-106.34633,31.77053],[-106.34638,31.77053],[-106.34648,31.77052],[-106.34659,31.77052],[-106.34672,31.77052],[-106.34683,31.77052],[-106.34695,31.77052],[-106.34706,31.77052],[-106.34716,31.77051],[-106.34724,31.77051],[-106.34751,31.77051],[-106.34785,31.7705],[-106.34841,31.77049],[-106.34854,31.77049],[-106.34864,31.77049],[-106.34876,31.77049],[-106.34884,31.77049],[-106.34887,31.77049],[-106.34899,31.77049],[-106.3491,31.77049],[-106.34922,31.7705],[-106.34933,31.77051],[-106.34944,31.77054],[-106.34955,31.77057],[-106.34965,31.7706],[-106.34975,31.77064],[-106.34985,31.77069],[-106.34995,31.77074],[-106.35003,31.7708],[-106.35008,31.77085],[-106.35009,31.77085],[-106.35011,31.77087],[-106.35013,31.77089],[-106.35019,31.77095],[-106.35026,31.77103],[-106.35033,31.7711],[-106.35039,31.77118],[-106.35052,31.77135],[-106.35057,31.77141],[-106.35069,31.77156],[-106.35075,31.77163],[-106.35093,31.77186],[-106.35098,31.77193],[-106.35107,31.77205],[-106.35113,31.77213],[-106.35132,31.77236],[-106.35134,31.7724],[-106.35142,31.77249],[-106.35147,31.77255],[-106.35154,31.77263],[-106.35161,31.77271],[-106.35164,31.77273],[-106.35169,31.77278],[-106.35177,31.77284],[-106.35186,31.77291],[-106.35195,31.77297],[-106.35204,31.77302],[-106.35207,31.77305],[-106.35214,31.77307],[-106.35224,31.77312],[-106.35235,31.77315],[-106.35246,31.77318],[-106.35257,31.7732],[-106.35268,31.77322],[-106.35279,31.77323],[-106.3529,31.77324],[-106.35314,31.77325],[-106.35325,31.77325],[-106.35333,31.77326],[-106.35336,31.77324],[-106.35416,31.77323],[-106.35424,31.77324],[-106.35427,31.77323],[-106.35464,31.77323],[-106.35506,31.77322],[-106.35519,31.77323],[-106.3553,31.77321],[-106.35544,31.77321],[-106.35561,31.77321],[-106.35581,31.77321],[-106.35593,31.77321],[-106.35598,31.77321],[-106.35603,31.7732],[-106.3562,31.7732],[-106.35632,31.7732],[-106.35644,31.7732],[-106.35656,31.7732],[-106.35666,31.7732],[-106.35676,31.77322],[-106.35688,31.7732],[-106.35696,31.7732],[-106.35711,31.7732],[-106.35722,31.77321],[-106.35745,31.77323],[-106.35757,31.77325],[-106.35767,31.77327],[-106.35778,31.77329],[-106.35781,31.7733],[-106.35789,31.77332],[-106.35798,31.77335],[-106.3581,31.77339],[-106.3582,31.77342],[-106.35831,31.77347],[-106.35842,31.7735],[-106.35849,31.77353],[-106.35871,31.77361],[-106.35873,31.77362],[-106.35882,31.77365],[-106.35905,31.77374],[-106.3591,31.77375],[-106.35914,31.77377],[-106.35916,31.77378],[-106.35927,31.77382],[-106.35936,31.77385],[-106.35939,31.77386],[-106.35948,31.77389],[-106.35958,31.77392],[-106.35965,31.77394],[-106.3597,31.77395],[-106.35979,31.77397],[-106.35982,31.77398],[-106.3599,31.77399],[-106.36002,31.77401],[-106.36015,31.77402],[-106.36024,31.77403],[-106.36038,31.77404],[-106.36046,31.77404],[-106.36058,31.77404],[-106.36068,31.77404],[-106.36092,31.77404],[-106.36105,31.77404],[-106.36116,31.77404],[-106.36122,31.77404],[-106.36126,31.77404],[-106.36127,31.77389],[-106.36121,31.77181],[-106.36116,31.77082],[-106.36116,31.77015],[-106.36115,31.76837],[-106.36111,31.76639],[-106.36106,31.7645],[-106.36102,31.76286],[-106.36103,31.76245],[-106.36059,31.76217],[-106.35971,31.76162],[-106.35973,31.7616],[-106.35983,31.7615],[-106.35989,31.76143],[-106.35993,31.76139],[-106.35996,31.76136],[-106.35944,31.76145],[-106.35914,31.76127],[-106.35845,31.76084],[-106.35793,31.76052],[-106.35761,31.76032],[-106.35655,31.75966],[-106.35636,31.75955],[-106.35602,31.75933],[-106.35587,31.75924],[-106.35573,31.75915],[-106.35565,31.7591],[-106.35553,31.75903],[-106.35544,31.75897],[-106.35538,31.75894],[-106.35533,31.7589],[-106.35456,31.75843],[-106.35424,31.75823],[-106.35352,31.75778],[-106.353,31.75746],[-106.35269,31.75727],[-106.35196,31.75681],[-106.35157,31.75658],[-106.3511,31.75629],[-106.35074,31.75607],[-106.34983,31.75551],[-106.34974,31.75545],[-106.34968,31.75542],[-106.34962,31.75538],[-106.34886,31.75491],[-106.34822,31.75451],[-106.34799,31.75437],[-106.34789,31.7543],[-106.3469,31.75369],[-106.34634,31.75334],[-106.34533,31.75272],[-106.34527,31.75268],[-106.34538,31.75255],[-106.34554,31.75237],[-106.34561,31.75241],[-106.34568,31.75232],[-106.34576,31.75222],[-106.3458,31.75216],[-106.34584,31.7521],[-106.34588,31.75201],[-106.34592,31.75193],[-106.34596,31.75182],[-106.34599,31.75168],[-106.346,31.75152],[-106.34599,31.75138],[-106.34598,31.75125],[-106.34596,31.75115],[-106.34595,31.75093],[-106.34595,31.75064],[-106.34596,31.75031],[-106.34597,31.74996],[-106.34597,31.74989],[-106.34596,31.74983],[-106.34596,31.74977],[-106.34596,31.74954],[-106.34596,31.74931],[-106.34595,31.74911],[-106.34595,31.74829],[-106.34594,31.74776],[-106.34594,31.74696],[-106.34594,31.74686],[-106.34593,31.7465],[-106.34593,31.74602],[-106.34593,31.74553],[-106.34593,31.74426],[-106.34593,31.74408],[-106.34592,31.7437],[-106.34592,31.74327],[-106.34592,31.74314],[-106.34592,31.74299],[-106.34592,31.74228],[-106.34592,31.74149],[-106.3459,31.74026],[-106.3459,31.74],[-106.3459,31.73977],[-106.34591,31.73927],[-106.3459,31.73921],[-106.34588,31.73887],[-106.34585,31.73868],[-106.34582,31.73848],[-106.34578,31.73829],[-106.34571,31.73801],[-106.34563,31.73774],[-106.34557,31.73759],[-106.34542,31.73721],[-106.34533,31.73701],[-106.34509,31.73641],[-106.34477,31.73561],[-106.34473,31.73549],[-106.34443,31.73477],[-106.34426,31.73435],[-106.34418,31.73416],[-106.34412,31.73397],[-106.34408,31.73384],[-106.34406,31.73372],[-106.34404,31.73362],[-106.34404,31.73355],[-106.34404,31.73347],[-106.34404,31.73341],[-106.34404,31.73337],[-106.34405,31.73328],[-106.34406,31.73319],[-106.34409,31.73309],[-106.34415,31.73291],[-106.34422,31.73275],[-106.34426,31.73266],[-106.34436,31.73244],[-106.34448,31.73221],[-106.34471,31.73173],[-106.34475,31.73165],[-106.3448,31.73153],[-106.3449,31.73131],[-106.34495,31.73122],[-106.34501,31.73112],[-106.34507,31.73102],[-106.34515,31.73091],[-106.34527,31.73076],[-106.34539,31.73061],[-106.34547,31.73052],[-106.34558,31.73042],[-106.34568,31.7303],[-106.34605,31.73002],[-106.34635,31.72979],[-106.34645,31.72971],[-106.34653,31.72965],[-106.34677,31.72947],[-106.34679,31.72946],[-106.34689,31.72937],[-106.34723,31.72912],[-106.34731,31.72906],[-106.34746,31.72896],[-106.34754,31.72889],[-106.34785,31.72866],[-106.34795,31.72859],[-106.34826,31.72878],[-106.34865,31.72902],[-106.34893,31.72918],[-106.34931,31.72941],[-106.34994,31.72977],[-106.35036,31.73001],[-106.35111,31.73044],[-106.35139,31.7306],[-106.3516,31.73073],[-106.35178,31.73083],[-106.35183,31.73086],[-106.35197,31.73094],[-106.35226,31.7311],[-106.35241,31.73119],[-106.35252,31.73125],[-106.35261,31.73131],[-106.35273,31.73138],[-106.35289,31.73148],[-106.35318,31.73164],[-106.35359,31.73187],[-106.35388,31.73204],[-106.35418,31.73222],[-106.35452,31.73241],[-106.35463,31.73247],[-106.35489,31.73263],[-106.35529,31.73285],[-106.35548,31.73296],[-106.35568,31.73308],[-106.35604,31.73328],[-106.35612,31.73333],[-106.35643,31.73352],[-106.35693,31.73379],[-106.35705,31.73385],[-106.35712,31.7339],[-106.35762,31.7342],[-106.35807,31.73447],[-106.35852,31.7348],[-106.35887,31.7351],[-106.35906,31.73528],[-106.35928,31.73549],[-106.35945,31.73568],[-106.35994,31.7362],[-106.36047,31.73684],[-106.3606,31.737],[-106.36123,31.73773],[-106.36174,31.73833],[-106.36226,31.73887],[-106.36264,31.7393],[-106.36289,31.73961],[-106.3631,31.73988],[-106.36321,31.74001],[-106.36336,31.74019],[-106.36341,31.74026],[-106.36352,31.74043],[-106.36364,31.74062],[-106.36384,31.74097],[-106.36394,31.74114],[-106.36421,31.74166],[-106.3643,31.74181],[-106.36447,31.74174],[-106.36456,31.7417],[-106.36467,31.74168],[-106.36478,31.74166],[-106.36488,31.74165],[-106.36493,31.74165],[-106.36508,31.74166],[-106.36521,31.74167],[-106.36528,31.74167],[-106.36548,31.74168],[-106.36593,31.74168],[-106.36647,31.74169],[-106.36716,31.74169],[-106.36726,31.7417],[-106.36797,31.7417],[-106.36907,31.74171],[-106.37012,31.74171],[-106.37031,31.74172],[-106.37065,31.74172],[-106.37105,31.74172],[-106.37171,31.74172],[-106.37277,31.74173],[-106.37289,31.74172],[-106.37336,31.74173],[-106.37489,31.74175],[-106.37495,31.74175],[-106.3751,31.74175],[-106.37421,31.74099],[-106.3741,31.74089],[-106.37321,31.74014],[-106.37267,31.73969],[-106.3718,31.73895],[-106.37076,31.73806],[-106.36967,31.73713],[-106.36859,31.7362],[-106.3667,31.7346],[-106.36678,31.7345],[-106.36704,31.73419],[-106.3675,31.73371],[-106.36765,31.73358],[-106.36797,31.73328],[-106.36803,31.73323],[-106.36813,31.73314],[-106.36826,31.73303],[-106.36843,31.73291],[-106.36848,31.73287],[-106.36861,31.7328],[-106.36879,31.73269],[-106.36887,31.73268],[-106.3688,31.73256],[-106.36871,31.73243],[-106.36866,31.73234],[-106.36855,31.73217],[-106.36853,31.73212],[-106.36851,31.73208],[-106.36846,31.73199],[-106.36843,31.7319],[-106.3684,31.73181],[-106.36838,31.73174],[-106.36836,31.7317],[-106.36834,31.73162],[-106.36832,31.73153],[-106.36832,31.73152],[-106.3683,31.73143],[-106.3683,31.73133],[-106.36831,31.73126],[-106.36833,31.73107],[-106.36834,31.73094],[-106.36837,31.73071],[-106.36841,31.73033],[-106.36843,31.73013],[-106.36847,31.72968],[-106.36849,31.72951],[-106.36855,31.72951],[-106.36873,31.72952],[-106.36884,31.72954],[-106.36896,31.72954],[-106.36906,31.72954],[-106.36914,31.72954],[-106.36927,31.72952],[-106.36935,31.7295],[-106.36962,31.72944],[-106.36973,31.72941],[-106.37025,31.7293],[-106.37069,31.72921],[-106.3712,31.7291],[-106.37202,31.72893],[-106.37303,31.72871],[-106.37349,31.72861],[-106.3736,31.72859],[-106.3737,31.72856],[-106.37371,31.72851],[-106.37367,31.72839],[-106.37356,31.72803],[-106.37351,31.72787],[-106.37373,31.72781],[-106.37412,31.72773],[-106.37441,31.72767],[-106.37458,31.72764],[-106.37497,31.72755],[-106.3756,31.72742],[-106.37604,31.72732],[-106.37625,31.72727],[-106.37651,31.72722],[-106.37745,31.72701],[-106.37755,31.72699],[-106.37756,31.72702],[-106.37757,31.72707],[-106.37799,31.7283],[-106.37847,31.72902],[-106.37949,31.73057],[-106.38013,31.73125],[-106.38059,31.73163],[-106.38108,31.73209],[-106.38174,31.73246],[-106.38184,31.73254],[-106.38279,31.73313],[-106.38379,31.7337],[-106.38481,31.73428],[-106.38544,31.73454],[-106.38554,31.73458],[-106.38587,31.73471],[-106.38654,31.73506],[-106.38784,31.73591],[-106.38897,31.73647],[-106.38991,31.73696],[-106.3907,31.73743],[-106.39116,31.73765],[-106.39117,31.73766],[-106.39119,31.73767],[-106.39162,31.73789],[-106.39225,31.73816],[-106.39309,31.73856],[-106.39345,31.73868],[-106.39463,31.73921],[-106.39467,31.73923],[-106.39472,31.73927],[-106.39541,31.73969],[-106.39558,31.7398],[-106.39609,31.74018],[-106.39716,31.7409],[-106.3999,31.74234],[-106.40138,31.74325],[-106.40364,31.74425],[-106.40413,31.74463],[-106.40407,31.74475],[-106.40402,31.74484],[-106.40377,31.74515],[-106.4037,31.74524],[-106.40356,31.74542],[-106.40332,31.74572],[-106.40268,31.74651],[-106.40136,31.74838],[-106.40005,31.7502],[-106.39827,31.75245],[-106.39917,31.75665],[-106.3994,31.75726],[-106.3992,31.75743],[-106.3981,31.75832],[-106.39655,31.75957],[-106.39642,31.75967],[-106.3963,31.75976],[-106.3956,31.75918],[-106.39529,31.75891],[-106.39457,31.7583],[-106.39369,31.75755],[-106.39371,31.75763],[-106.39372,31.75766],[-106.39378,31.75773],[-106.39389,31.75789],[-106.39395,31.75796],[-106.39403,31.75809],[-106.39403,31.75809],[-106.39411,31.75819],[-106.39417,31.75826],[-106.39427,31.75845],[-106.39435,31.75863],[-106.3944,31.75882],[-106.39442,31.75899],[-106.39443,31.75917],[-106.39442,31.75931],[-106.39442,31.75934],[-106.3944,31.75949],[-106.39425,31.76035],[-106.39408,31.76146],[-106.39406,31.76157],[-106.39405,31.76164],[-106.39393,31.76239],[-106.39366,31.76406],[-106.39362,31.76428],[-106.39323,31.76678],[-106.39321,31.76688],[-106.39316,31.76729],[-106.39312,31.76765],[-106.39311,31.76797],[-106.39309,31.7683],[-106.39311,31.76859],[-106.39314,31.76891],[-106.39322,31.7694],[-106.39329,31.76972],[-106.39342,31.77017],[-106.39349,31.77037],[-106.39362,31.77072],[-106.39385,31.77129],[-106.39394,31.77146],[-106.39398,31.77158],[-106.39399,31.77164],[-106.39409,31.77183],[-106.39452,31.77286],[-106.39483,31.77356],[-106.39501,31.77401],[-106.39509,31.77422],[-106.39539,31.7749],[-106.39596,31.77626],[-106.39626,31.77695],[-106.39685,31.77838],[-106.39766,31.78027],[-106.39778,31.78056],[-106.3978,31.78061],[-106.39784,31.78073],[-106.3979,31.78089],[-106.398,31.78118],[-106.39809,31.78122],[-106.39921,31.78174],[-106.39943,31.78183],[-106.3996,31.7819],[-106.39998,31.78202],[-106.40034,31.78212],[-106.40065,31.78219],[-106.40093,31.78225],[-106.40103,31.78226],[-106.4012,31.78229],[-106.4015,31.78231],[-106.4019,31.78234],[-106.40246,31.78231],[-106.40275,31.78229],[-106.40309,31.78225],[-106.40514,31.78196],[-106.40683,31.78173],[-106.40697,31.78171],[-106.40704,31.7817],[-106.40704,31.7817],[-106.40711,31.78169],[-106.40725,31.78167],[-106.40757,31.78163],[-106.40783,31.78158],[-106.40826,31.78153],[-106.40869,31.7815],[-106.40908,31.78149],[-106.40955,31.78149],[-106.40981,31.78151],[-106.41066,31.78159],[-106.41128,31.78164],[-106.41165,31.78168],[-106.41204,31.78172],[-106.41252,31.78175],[-106.4129,31.78176],[-106.41308,31.78175],[-106.41318,31.78175],[-106.4135,31.78173],[-106.41381,31.78169],[-106.41397,31.78167],[-106.41421,31.78163],[-106.41445,31.78158],[-106.41493,31.78145],[-106.41528,31.78134],[-106.41551,31.78125],[-106.41585,31.78111],[-106.41615,31.78096],[-106.4165,31.78076],[-106.41692,31.78051],[-106.41723,31.78033],[-106.41738,31.78023],[-106.41748,31.78017],[-106.41762,31.78008],[-106.41807,31.7798],[-106.41826,31.7797],[-106.4188,31.77935],[-106.41889,31.7793],[-106.41948,31.77894],[-106.41968,31.77881],[-106.42021,31.77849],[-106.42053,31.77831],[-106.4207,31.77823],[-106.4208,31.77818],[-106.42089,31.77813],[-106.42166,31.77785],[-106.42176,31.77782],[-106.42195,31.77777],[-106.42213,31.77772],[-106.42208,31.77783],[-106.42201,31.77799],[-106.42189,31.77824],[-106.42182,31.77839],[-106.42174,31.77856],[-106.42165,31.77876],[-106.42152,31.77903],[-106.42132,31.77944],[-106.42126,31.77958],[-106.42122,31.77967],[-106.42112,31.77986],[-106.42105,31.78002],[-106.42095,31.78021],[-106.4209,31.78034],[-106.42083,31.78049],[-106.42076,31.78065],[-106.42072,31.78074],[-106.42062,31.78095],[-106.42058,31.78104],[-106.42052,31.78116],[-106.42044,31.7813],[-106.42034,31.78147],[-106.42026,31.78161],[-106.42014,31.78177],[-106.42008,31.78183],[-106.42,31.78192],[-106.41997,31.78196],[-106.41994,31.782],[-106.41991,31.78204],[-106.41984,31.78212],[-106.41971,31.78226],[-106.41962,31.78235],[-106.41948,31.78249],[-106.41924,31.78272],[-106.41905,31.78289],[-106.4189,31.78304],[-106.41809,31.78345],[-106.41702,31.78397],[-106.41683,31.78407],[-106.41697,31.78403],[-106.41711,31.78399],[-106.41725,31.78396],[-106.41757,31.78388],[-106.41772,31.78386],[-106.41791,31.78382],[-106.41802,31.7838],[-106.41818,31.78377],[-106.41831,31.78376],[-106.41834,31.78375],[-106.4184,31.78375],[-106.41851,31.78374],[-106.41863,31.78373],[-106.41868,31.78373],[-106.41871,31.78372],[-106.41878,31.78372],[-106.41885,31.78371],[-106.41895,31.78371],[-106.41902,31.78371],[-106.41919,31.7837],[-106.41928,31.7837],[-106.41943,31.7837],[-106.41986,31.7837],[-106.41998,31.78371],[-106.42009,31.78371],[-106.42024,31.78371],[-106.42044,31.78371],[-106.42052,31.78371],[-106.42064,31.78371],[-106.42073,31.78371],[-106.4208,31.78371],[-106.42122,31.78372],[-106.42139,31.78372],[-106.42174,31.78372],[-106.42185,31.78372],[-106.42204,31.78372],[-106.42216,31.78372],[-106.42225,31.78372],[-106.42257,31.78372],[-106.42267,31.78363],[-106.4229,31.78363],[-106.42315,31.78364],[-106.4234,31.78364],[-106.42386,31.78364],[-106.42428,31.78365],[-106.42457,31.78365],[-106.42471,31.78366],[-106.42489,31.78366],[-106.42551,31.78367],[-106.42574,31.78366],[-106.42597,31.78366],[-106.42613,31.78366],[-106.42644,31.78367],[-106.42647,31.78367],[-106.42649,31.78367],[-106.42655,31.78367],[-106.42678,31.78367],[-106.42738,31.78367],[-106.42795,31.78367],[-106.42831,31.78368],[-106.42859,31.78368],[-106.42884,31.78368],[-106.42899,31.78368],[-106.42911,31.78368],[-106.42918,31.78369],[-106.42935,31.78369],[-106.42945,31.78369],[-106.43126,31.7837],[-106.43163,31.7837],[-106.43163,31.78419],[-106.43162,31.78465],[-106.43161,31.7854],[-106.43161,31.7856],[-106.4316,31.78628],[-106.43159,31.78689],[-106.43159,31.78697],[-106.43158,31.78717],[-106.43156,31.78822],[-106.43156,31.78847],[-106.43156,31.78856],[-106.43155,31.78873],[-106.43154,31.78919],[-106.43154,31.78944],[-106.43153,31.78988],[-106.43153,31.79028],[-106.43151,31.79131],[-106.43149,31.79187],[-106.43148,31.79236],[-106.43148,31.7926],[-106.43147,31.79298],[-106.43147,31.79331],[-106.43147,31.7937],[-106.43146,31.79402],[-106.43146,31.79414],[-106.43146,31.79423],[-106.43146,31.79443],[-106.43145,31.79448],[-106.43145,31.79452],[-106.43142,31.79459],[-106.43137,31.79471],[-106.43136,31.79477],[-106.43135,31.79482],[-106.43134,31.79493],[-106.43134,31.79507],[-106.43134,31.79522],[-106.43134,31.79565],[-106.43134,31.79571],[-106.43132,31.796],[-106.43132,31.79637],[-106.43132,31.79658],[-106.43131,31.79697],[-106.43132,31.79702],[-106.4313,31.79701],[-106.43104,31.79701],[-106.43098,31.79701],[-106.43096,31.7964],[-106.43095,31.79585],[-106.43094,31.7956],[-106.43094,31.79527],[-106.43092,31.79484],[-106.4297,31.79417],[-106.42891,31.79373],[-106.42771,31.79307],[-106.42647,31.79239],[-106.42583,31.79204],[-106.42448,31.7913],[-106.42337,31.79069],[-106.42143,31.78972],[-106.42071,31.78936],[-106.42047,31.78924],[-106.42014,31.78908],[-106.42003,31.78908],[-106.42003,31.78907],[-106.42003,31.78908],[-106.41985,31.78908],[-106.4193,31.78908],[-106.41863,31.78907],[-106.4184,31.7891],[-106.41831,31.7891],[-106.41831,31.78911],[-106.4183,31.78911],[-106.41827,31.78911],[-106.41773,31.78911],[-106.41751,31.78911],[-106.41646,31.78913],[-106.41497,31.78908],[-106.41474,31.78908],[-106.41475,31.78909],[-106.41475,31.78915],[-106.41476,31.78932],[-106.41641,31.78937],[-106.41649,31.79108],[-106.40978,31.79107],[-106.40978,31.79107],[-106.40969,31.79107],[-106.40969,31.79107],[-106.40969,31.7912],[-106.40969,31.79132],[-106.40968,31.79146],[-106.40968,31.79161],[-106.40968,31.79177],[-106.40967,31.79195],[-106.40967,31.79216],[-106.40967,31.79234],[-106.40967,31.79247],[-106.40967,31.7928],[-106.40966,31.79302],[-106.40962,31.79301],[-106.40926,31.79289],[-106.40901,31.79281],[-106.40889,31.79277],[-106.40872,31.79272],[-106.40856,31.79267],[-106.40841,31.79263],[-106.40823,31.79258],[-106.40807,31.79252],[-106.4079,31.79247],[-106.40773,31.79242],[-106.40756,31.79236],[-106.40738,31.79232],[-106.40722,31.79227],[-106.40705,31.79221],[-106.40687,31.79216],[-106.40678,31.79213],[-106.40669,31.7921],[-106.40653,31.79204],[-106.40637,31.79199],[-106.4062,31.79193],[-106.40602,31.79188],[-106.40585,31.79182],[-106.40563,31.79175],[-106.40546,31.7917],[-106.40533,31.79166],[-106.40498,31.79156],[-106.40497,31.79157],[-106.40486,31.79178],[-106.40474,31.79174],[-106.40463,31.79194],[-106.40459,31.79203],[-106.40456,31.79209],[-106.40451,31.79221],[-106.4045,31.79222],[-106.40447,31.7923],[-106.40445,31.79235],[-106.40441,31.79247],[-106.4044,31.79251],[-106.40437,31.79262],[-106.40435,31.79265],[-106.40432,31.79276],[-106.40431,31.7928],[-106.40429,31.79288],[-106.40426,31.79299],[-106.40425,31.79306],[-106.40421,31.79325],[-106.40417,31.79353],[-106.40415,31.79374],[-106.40414,31.79383],[-106.40414,31.79401],[-106.40415,31.79423],[-106.40416,31.79433],[-106.40418,31.79462],[-106.40421,31.79485],[-106.40415,31.79495],[-106.40416,31.79504],[-106.40418,31.79533],[-106.4042,31.79573],[-106.4042,31.79575],[-106.4042,31.79586],[-106.40422,31.79624],[-106.40422,31.79647],[-106.40423,31.7966],[-106.40423,31.79669],[-106.40423,31.79699],[-106.40422,31.79723],[-106.40422,31.79724],[-106.40422,31.79746],[-106.40422,31.7975],[-106.40422,31.79765],[-106.40423,31.7977],[-106.40423,31.79813],[-106.40424,31.7983],[-106.40424,31.79882],[-106.40424,31.79889],[-106.40424,31.80015],[-106.40423,31.80135],[-106.40423,31.80243],[-106.40423,31.80243],[-106.40423,31.80355],[-106.40424,31.80393],[-106.40427,31.80538],[-106.40429,31.80596],[-106.40431,31.80697],[-106.40431,31.80757],[-106.40434,31.80846],[-106.40434,31.80937],[-106.40436,31.81108],[-106.40439,31.81269],[-106.4044,31.81351],[-106.40441,31.81418],[-106.40442,31.81493],[-106.40444,31.81572],[-106.40445,31.81746],[-106.40449,31.81828],[-106.4045,31.81911],[-106.40452,31.81984],[-106.40453,31.82079],[-106.40457,31.8224],[-106.4046,31.82393],[-106.40462,31.82449],[-106.40465,31.8247],[-106.40469,31.8249],[-106.40478,31.82516],[-106.40496,31.82547],[-106.40513,31.82565],[-106.40524,31.8258],[-106.40542,31.82595],[-106.40567,31.82612],[-106.40606,31.82631],[-106.40623,31.82637],[-106.40646,31.82642],[-106.4068,31.82648],[-106.40724,31.8265],[-106.40818,31.82648],[-106.4089,31.82647],[-106.41003,31.82645],[-106.4111,31.82643],[-106.41239,31.82642],[-106.41311,31.82638],[-106.4138,31.82638],[-106.41503,31.82636],[-106.41599,31.82633],[-106.41661,31.82633],[-106.41708,31.82631],[-106.41782,31.8263],[-106.41821,31.82631],[-106.41899,31.82629],[-106.41965,31.82628],[-106.42073,31.82627],[-106.42124,31.82626],[-106.42166,31.82626],[-106.42208,31.82625],[-106.42283,31.82624],[-106.42375,31.82623],[-106.4249,31.82621],[-106.42546,31.8262],[-106.42604,31.8262],[-106.42818,31.82617],[-106.42911,31.82614],[-106.42952,31.82614],[-106.43094,31.82614],[-106.43477,31.82607],[-106.42939,31.83446],[-106.42929,31.82789],[-106.42167,31.82798],[-106.42167,31.82796],[-106.42169,31.82765],[-106.42169,31.82742],[-106.42026,31.82743],[-106.41766,31.82749],[-106.41685,31.82752],[-106.41692,31.82758],[-106.41592,31.82758],[-106.41411,31.82757],[-106.41184,31.82757],[-106.41099,31.82757],[-106.41038,31.82757],[-106.40905,31.82757],[-106.40782,31.82757],[-106.40516,31.82757],[-106.40443,31.82759],[-106.40344,31.82761],[-106.40344,31.82741],[-106.40344,31.8274],[-106.40344,31.82738],[-106.40343,31.82701],[-106.40344,31.8268],[-106.40343,31.82659],[-106.40343,31.82658],[-106.40343,31.82654],[-106.40328,31.82209],[-106.40324,31.82071],[-106.40322,31.82026],[-106.4032,31.81962],[-106.4032,31.81953],[-106.40255,31.81954],[-106.40158,31.81955],[-106.40058,31.81957],[-106.39976,31.81958],[-106.39649,31.81963],[-106.39607,31.81964],[-106.39597,31.81964],[-106.39525,31.81965],[-106.39188,31.8197],[-106.38755,31.81977],[-106.38376,31.81983],[-106.38002,31.81989],[-106.37873,31.81991],[-106.37867,31.81991],[-106.37826,31.81991],[-106.37814,31.81992],[-106.37814,31.81992],[-106.37814,31.81992],[-106.37814,31.81992],[-106.37813,31.81992],[-106.37813,31.81992],[-106.37777,31.82018],[-106.37616,31.82135],[-106.37316,31.82352],[-106.36868,31.82675],[-106.36828,31.82704],[-106.36817,31.82713],[-106.36732,31.82774],[-106.36382,31.83025],[-106.36342,31.83054],[-106.36284,31.83095],[-106.35741,31.83484],[-106.35678,31.83529],[-106.35621,31.8357],[-106.35365,31.83754],[-106.35349,31.83765],[-106.35242,31.83842],[-106.35215,31.83861],[-106.35213,31.83862],[-106.35043,31.83984],[-106.35043,31.83984],[-106.35036,31.83989],[-106.35036,31.83989],[-106.35035,31.83989],[-106.35007,31.8401],[-106.35007,31.8401],[-106.34927,31.8407],[-106.34925,31.84071],[-106.34921,31.84071],[-106.34921,31.84072]],[[-106.49034,31.86851],[-106.49462,31.86851],[-106.49464,31.86864],[-106.49576,31.87407],[-106.49652,31.87821],[-106.49707,31.88143],[-106.49725,31.88372],[-106.49714,31.88884],[-106.49653,31.90613],[-106.49644,31.90853],[-106.49588,31.91242],[-106.49576,31.91305],[-106.49628,31.91563],[-106.49916,31.91932],[-106.49951,31.92265],[-106.4996,31.92511],[-106.49824,31.92787],[-106.49764,31.92961],[-106.49757,31.93181],[-106.4981,31.93358],[-106.49826,31.93395],[-106.49844,31.93951],[-106.4985,31.9414],[-106.49778,31.94453],[-106.4979,31.94788],[-106.49713,31.95081],[-106.49725,31.95213],[-106.49834,31.95451],[-106.49908,31.9566],[-106.49753,31.95894],[-106.49833,31.95967],[-106.49935,31.96125],[-106.49934,31.96313],[-106.4994,31.96513],[-106.50026,31.96682],[-106.50036,31.96825],[-106.50038,31.96921],[-106.50165,31.97078],[-106.50409,31.97409],[-106.50709,31.97651],[-106.50726,31.9785],[-106.50724,31.97978],[-106.50674,31.98108],[-106.50702,31.98379],[-106.50847,31.98666],[-106.50864,31.987],[-106.51004,31.99018],[-106.51029,31.99043],[-106.51187,31.99196],[-106.51322,31.99333],[-106.51324,31.99337],[-106.51395,31.99544],[-106.51398,31.9973],[-106.514,31.99829],[-106.51399,31.99913],[-106.514,32.00081],[-106.51025,32.00085],[-106.50254,32.00095],[-106.49746,32.00099],[-106.48476,32.00104],[-106.47991,32.00101],[-106.47712,32.00102],[-106.47006,32.00105],[-106.46294,32.00108],[-106.46003,32.0011],[-106.44694,32.00115],[-106.4469,32.00115],[-106.44676,32.00115],[-106.44652,32.00115],[-106.44609,32.00115],[-106.44392,32.00116],[-106.44392,32.00116],[-106.44186,32.00117],[-106.44029,32.00118],[-106.43712,32.00119],[-106.4356,32.00119],[-106.43559,32.0012],[-106.43447,32.0012],[-106.43385,32.0012],[-106.43163,32.00121],[-106.42577,32.00124],[-106.42171,32.00125],[-106.41555,32.00127],[-106.41073,32.0013],[-106.40905,32.0013],[-106.40898,32.0013],[-106.40887,32.0013],[-106.40862,32.0013],[-106.39203,32.00136],[-106.38888,32.00137],[-106.37717,32.00117],[-106.37681,32.00117],[-106.37555,32.00132],[-106.35099,32.0014],[-106.34036,32.00134],[-106.3403,32.00134],[-106.33562,32.00144],[-106.32692,32.00147],[-106.32627,32.00149],[-106.32377,32.00147],[-106.32347,32.00148],[-106.32365,32.0012],[-106.32433,32.00013],[-106.32754,31.99506],[-106.32938,31.99219],[-106.3312,31.9893],[-106.33276,31.98686],[-106.33308,31.98636],[-106.3366,31.98081],[-106.33769,31.97911],[-106.33885,31.97727],[-106.34004,31.9754],[-106.34245,31.9716],[-106.34363,31.96974],[-106.34592,31.96615],[-106.34709,31.96429],[-106.35091,31.95828],[-106.35178,31.95692],[-106.35294,31.95508],[-106.35625,31.94987],[-106.35863,31.94613],[-106.36241,31.94017],[-106.36332,31.93874],[-106.36447,31.9369],[-106.36463,31.93666],[-106.36686,31.93316],[-106.36927,31.92935],[-106.37041,31.92756],[-106.37065,31.92718],[-106.37266,31.92402],[-106.37379,31.92224],[-106.37731,31.91668],[-106.37847,31.91486],[-106.37903,31.91398],[-106.37939,31.91342],[-106.38002,31.91242],[-106.38082,31.91116],[-106.38221,31.90896],[-106.38402,31.90612],[-106.38394,31.90611],[-106.38816,31.89943],[-106.38826,31.89943],[-106.38858,31.89892],[-106.38864,31.89884],[-106.38892,31.89839],[-106.38939,31.89766],[-106.38983,31.89696],[-106.3902,31.89637],[-106.3906,31.89573],[-106.39101,31.8951],[-106.39138,31.8945],[-106.39194,31.89361],[-106.39234,31.89299],[-106.3932,31.89163],[-106.39432,31.88987],[-106.39487,31.889],[-106.39566,31.88775],[-106.3961,31.88707],[-106.39689,31.88583],[-106.39746,31.88492],[-106.39755,31.88479],[-106.39765,31.88462],[-106.39848,31.88331],[-106.3991,31.88235],[-106.39966,31.88146],[-106.4001,31.88076],[-106.40126,31.87893],[-106.40298,31.87621],[-106.40371,31.87505],[-106.40443,31.87392],[-106.40494,31.87311],[-106.40522,31.87267],[-106.40599,31.87147],[-106.4062,31.87114],[-106.40679,31.8702],[-106.40724,31.87022],[-106.40728,31.87023],[-106.4073,31.87023],[-106.40734,31.87024],[-106.40763,31.87023],[-106.40828,31.87021],[-106.40845,31.8702],[-106.40882,31.8702],[-106.40892,31.8702],[-106.4097,31.87018],[-106.41009,31.87017],[-106.41058,31.87017],[-106.41111,31.87016],[-106.41146,31.87015],[-106.41165,31.87015],[-106.41232,31.87014],[-106.41302,31.87012],[-106.41333,31.87011],[-106.41372,31.8701],[-106.41423,31.8701],[-106.41437,31.87009],[-106.4145,31.87009],[-106.41474,31.87009],[-106.41489,31.87009],[-106.41521,31.87008],[-106.41549,31.87007],[-106.41578,31.87007],[-106.41606,31.87007],[-106.41637,31.87006],[-106.41648,31.87006],[-106.41681,31.87005],[-106.41693,31.87005],[-106.41718,31.87005],[-106.41738,31.87004],[-106.41752,31.87004],[-106.41787,31.87003],[-106.4185,31.87002],[-106.41873,31.87002],[-106.41883,31.87002],[-106.41932,31.87001],[-106.41945,31.87001],[-106.41957,31.87],[-106.42043,31.86999],[-106.42071,31.86998],[-106.4213,31.86997],[-106.42152,31.86997],[-106.4218,31.86996],[-106.42218,31.86996],[-106.4229,31.86994],[-106.42296,31.86994],[-106.42302,31.86994],[-106.42317,31.86994],[-106.42323,31.86994],[-106.42325,31.86994],[-106.42375,31.86993],[-106.42388,31.86993],[-106.42588,31.86989],[-106.42768,31.86986],[-106.42791,31.86986],[-106.42806,31.86986],[-106.42826,31.86986],[-106.42844,31.86986],[-106.42871,31.86986],[-106.42952,31.86984],[-106.43042,31.86983],[-106.4318,31.8698],[-106.43235,31.8698],[-106.43284,31.86979],[-106.4331,31.86978],[-106.43345,31.86977],[-106.43364,31.86977],[-106.43388,31.86976],[-106.43407,31.86976],[-106.4345,31.86976],[-106.43467,31.86975],[-106.43591,31.86973],[-106.43692,31.86972],[-106.43899,31.86967],[-106.43933,31.86967],[-106.43955,31.86967],[-106.43969,31.86966],[-106.44007,31.86966],[-106.44064,31.86965],[-106.44089,31.86965],[-106.44107,31.86965],[-106.44146,31.86964],[-106.44154,31.86964],[-106.44202,31.89827],[-106.44193,31.89827],[-106.44194,31.89881],[-106.44195,31.89918],[-106.44199,31.90143],[-106.44197,31.90158],[-106.442,31.9024],[-106.44203,31.90467],[-106.44213,31.90892],[-106.44213,31.90959],[-106.44214,31.90968],[-106.44216,31.91019],[-106.44216,31.91049],[-106.44217,31.91093],[-106.44221,31.91244],[-106.44222,31.91285],[-106.44223,31.91348],[-106.44244,31.91856],[-106.44244,31.91857],[-106.4425,31.92099],[-106.44252,31.92242],[-106.44256,31.92354],[-106.44267,31.92769],[-106.44267,31.92771],[-106.44431,31.92768],[-106.44521,31.92768],[-106.46487,31.92754],[-106.47025,31.92745],[-106.4718,31.92742],[-106.47562,31.92737],[-106.47568,31.92737],[-106.47565,31.92517],[-106.47563,31.92462],[-106.47563,31.92362],[-106.47547,31.91978],[-106.47525,31.91294],[-106.48734,31.91285],[-106.48868,31.91281],[-106.48973,31.9128],[-106.49114,31.91279],[-106.49114,31.91278],[-106.49111,31.91278],[-106.49034,31.86851]],[[-106.26729,31.76077],[-106.26743,31.7616],[-106.26746,31.76228],[-106.26745,31.76228],[-106.26746,31.76229],[-106.26746,31.7626],[-106.26752,31.76908],[-106.26753,31.77061],[-106.26754,31.77071],[-106.26753,31.77081],[-106.26754,31.77096],[-106.26754,31.77103],[-106.26754,31.77136],[-106.26754,31.7716],[-106.26755,31.77181],[-106.26755,31.77189],[-106.26755,31.77244],[-106.26755,31.7725],[-106.26754,31.77271],[-106.26754,31.77287],[-106.26753,31.77316],[-106.26752,31.77346],[-106.26752,31.7736],[-106.26751,31.77382],[-106.2675,31.77406],[-106.2675,31.7741],[-106.2675,31.77434],[-106.26748,31.77464],[-106.26748,31.7749],[-106.26748,31.77494],[-106.26747,31.77516],[-106.26746,31.77536],[-106.26746,31.7758],[-106.26745,31.77637],[-106.26745,31.77637],[-106.26744,31.77649],[-106.26745,31.77666],[-106.26746,31.77677],[-106.26747,31.77693],[-106.26748,31.77716],[-106.26748,31.77725],[-106.2675,31.77763],[-106.26752,31.77811],[-106.26753,31.77819],[-106.26757,31.77898],[-106.26759,31.77952],[-106.2676,31.77976],[-106.26762,31.78018],[-106.26764,31.78064],[-106.26764,31.78101],[-106.26765,31.78121],[-106.26766,31.78183],[-106.26766,31.783],[-106.26767,31.78341],[-106.2677,31.78573],[-106.2677,31.78671],[-106.26771,31.78721],[-106.26772,31.788],[-106.26771,31.78846],[-106.26771,31.78874],[-106.26769,31.78939],[-106.26769,31.78949],[-106.26767,31.79037],[-106.26765,31.79123],[-106.26763,31.79182],[-106.26762,31.7923],[-106.26763,31.79256],[-106.26764,31.79284],[-106.26765,31.79318],[-106.26766,31.79365],[-106.26768,31.79421],[-106.26769,31.79462],[-106.26771,31.79507],[-106.26772,31.79529],[-106.26774,31.7959],[-106.26776,31.7965],[-106.26777,31.79696],[-106.26779,31.79748],[-106.26781,31.79807],[-106.26781,31.79817],[-106.26783,31.79874],[-106.26784,31.79936],[-106.26785,31.79996],[-106.26784,31.80011],[-106.26785,31.80062],[-106.26785,31.80074],[-106.26785,31.8013],[-106.26785,31.80179],[-106.26785,31.80187],[-106.26785,31.80216],[-106.26785,31.8023],[-106.26783,31.80269],[-106.26783,31.8028],[-106.26782,31.80308],[-106.26782,31.80323],[-106.26782,31.80347],[-106.2678,31.80401],[-106.26779,31.80431],[-106.26778,31.80469],[-106.26777,31.80526],[-106.26777,31.8056],[-106.26777,31.80582],[-106.26778,31.80589],[-106.26779,31.80597],[-106.2678,31.80637],[-106.2678,31.80683],[-106.26771,31.80685],[-106.2676,31.80687],[-106.26757,31.80687],[-106.26757,31.80712],[-106.26759,31.80966],[-106.26759,31.81163],[-106.26773,31.81304],[-106.26493,31.81303],[-106.26303,31.81302],[-106.26213,31.81302],[-106.26235,31.82674],[-106.26173,31.82674],[-106.26164,31.82055],[-106.25809,31.82059],[-106.25692,31.8206],[-106.25691,31.81961],[-106.25684,31.81299],[-106.25003,31.81297],[-106.25003,31.81297],[-106.24999,31.81297],[-106.24999,31.81308],[-106.25003,31.81596],[-106.25005,31.81817],[-106.25006,31.8201],[-106.25007,31.82061],[-106.25007,31.82065],[-106.25008,31.82509],[-106.24896,31.82509],[-106.24897,31.82674],[-106.24661,31.82675],[-106.24457,31.82675],[-106.23422,31.8268],[-106.23422,31.82677],[-106.23422,31.82604],[-106.23422,31.82537],[-106.23422,31.82529],[-106.23422,31.82521],[-106.23421,31.82454],[-106.23421,31.82387],[-106.23421,31.82379],[-106.23421,31.82371],[-106.23421,31.82304],[-106.23421,31.82237],[-106.2342,31.82229],[-106.2342,31.8222],[-106.2342,31.82153],[-106.2342,31.82078],[-106.2342,31.82003],[-106.23419,31.81928],[-106.23419,31.8192],[-106.23419,31.81853],[-106.23419,31.81786],[-106.23419,31.81769],[-106.23418,31.81691],[-106.23418,31.81604],[-106.23417,31.81469],[-106.23417,31.81461],[-106.23417,31.8145],[-106.23413,31.8145],[-106.23228,31.8145],[-106.23228,31.81448],[-106.23228,31.81412],[-106.23227,31.81372],[-106.23227,31.81327],[-106.23227,31.8129],[-106.23227,31.81143],[-106.23411,31.81119],[-106.23411,31.81119],[-106.23415,31.81118],[-106.23416,31.81177],[-106.23417,31.81288],[-106.23417,31.8129],[-106.23451,31.81291],[-106.23483,31.81291],[-106.23562,31.81291],[-106.2361,31.81291],[-106.23639,31.81291],[-106.23641,31.81291],[-106.23673,31.81291],[-106.23704,31.81292],[-106.2371,31.81292],[-106.23732,31.81292],[-106.23769,31.81292],[-106.23893,31.81292],[-106.2402,31.81293],[-106.2413,31.81293],[-106.24185,31.81294],[-106.24185,31.81291],[-106.24185,31.81289],[-106.24336,31.81289],[-106.24442,31.8129],[-106.24444,31.81455],[-106.24675,31.81456],[-106.24675,31.81456],[-106.24678,31.81456],[-106.24677,31.81291],[-106.24594,31.8129],[-106.24592,31.81109],[-106.24592,31.81089],[-106.24592,31.81035],[-106.24591,31.80965],[-106.24591,31.80965],[-106.24591,31.80964],[-106.24588,31.80924],[-106.24588,31.80921],[-106.24587,31.8091],[-106.2438,31.80937],[-106.24141,31.80969],[-106.2414,31.80969],[-106.24103,31.80795],[-106.24103,31.80793],[-106.24098,31.80748],[-106.24098,31.80741],[-106.24098,31.80733],[-106.24098,31.80731],[-106.24098,31.80711],[-106.24098,31.80709],[-106.24154,31.80702],[-106.24154,31.80701],[-106.24153,31.807],[-106.24153,31.80696],[-106.24147,31.80663],[-106.24147,31.8062],[-106.24146,31.8062],[-106.24098,31.8062],[-106.24098,31.80617],[-106.24098,31.8052],[-106.24098,31.80519],[-106.24095,31.80519],[-106.24095,31.80519],[-106.24064,31.80518],[-106.24064,31.80587],[-106.24023,31.80587],[-106.24023,31.80587],[-106.23993,31.80635],[-106.23976,31.80661],[-106.23974,31.80665],[-106.24005,31.80665],[-106.24064,31.80665],[-106.24072,31.80797],[-106.24072,31.80797],[-106.24006,31.80806],[-106.23873,31.80823],[-106.23873,31.80823],[-106.23873,31.80825],[-106.23879,31.80862],[-106.2388,31.80865],[-106.23822,31.80872],[-106.2379,31.80876],[-106.23758,31.80881],[-106.23694,31.80889],[-106.23675,31.80892],[-106.23663,31.80893],[-106.23631,31.80897],[-106.23567,31.80906],[-106.23535,31.8091],[-106.23535,31.8091],[-106.2354,31.80934],[-106.23542,31.80947],[-106.23543,31.8095],[-106.23511,31.80954],[-106.23415,31.80965],[-106.23415,31.80965],[-106.23415,31.80962],[-106.23411,31.80597],[-106.23411,31.80597],[-106.232,31.80624],[-106.23127,31.80634],[-106.23114,31.80636],[-106.22784,31.80679],[-106.22738,31.80685],[-106.22447,31.80723],[-106.22412,31.80728],[-106.22412,31.80763],[-106.22413,31.80801],[-106.22415,31.81075],[-106.22417,31.81195],[-106.22416,31.81195],[-106.22415,31.81195],[-106.22399,31.81197],[-106.22399,31.81195],[-106.22399,31.81195],[-106.22394,31.80742],[-106.22394,31.80731],[-106.22394,31.80716],[-106.22394,31.80716],[-106.2239,31.80324],[-106.2239,31.80284],[-106.2239,31.80284],[-106.223,31.80368],[-106.22278,31.80388],[-106.22232,31.8043],[-106.22224,31.80438],[-106.22225,31.8046],[-106.22231,31.80939],[-106.22236,31.81246],[-106.2201,31.81277],[-106.22006,31.81249],[-106.21718,31.81287],[-106.21718,31.81287],[-106.21717,31.81229],[-106.21717,31.81226],[-106.21759,31.81226],[-106.21759,31.81178],[-106.21759,31.81178],[-106.21707,31.81178],[-106.21708,31.81288],[-106.21708,31.81288],[-106.21708,31.81288],[-106.21701,31.81329],[-106.21195,31.81395],[-106.21406,31.812],[-106.21499,31.81113],[-106.21705,31.8092],[-106.21705,31.8092],[-106.21705,31.8092],[-106.21705,31.8092],[-106.21705,31.80918],[-106.21705,31.80918],[-106.21705,31.80917],[-106.21705,31.80917],[-106.21704,31.80891],[-106.21703,31.80816],[-106.21696,31.80122],[-106.21693,31.80109],[-106.2169,31.80096],[-106.21688,31.80084],[-106.21686,31.80071],[-106.21685,31.80057],[-106.21684,31.80044],[-106.21682,31.79825],[-106.21682,31.79824],[-106.21682,31.79823],[-106.21681,31.79822],[-106.2168,31.79821],[-106.2168,31.79821],[-106.21679,31.7982],[-106.21678,31.7982],[-106.21677,31.7982],[-106.21676,31.7982],[-106.21675,31.7981],[-106.21673,31.7981],[-106.21671,31.7981],[-106.21671,31.7981],[-106.2122,31.79811],[-106.21205,31.79814],[-106.21189,31.79817],[-106.21173,31.79818],[-106.21158,31.7982],[-106.21142,31.7982],[-106.21126,31.79821],[-106.20159,31.7982],[-106.2,31.7982],[-106.19998,31.7982],[-106.19997,31.79821],[-106.19996,31.79821],[-106.19996,31.79822],[-106.19995,31.79822],[-106.19994,31.79823],[-106.19994,31.79824],[-106.19993,31.79825],[-106.19993,31.79826],[-106.19982,31.79826],[-106.19982,31.79824],[-106.1997,31.79824],[-106.1996,31.79824],[-106.1996,31.79823],[-106.1996,31.79822],[-106.19959,31.79821],[-106.19959,31.7982],[-106.19958,31.79819],[-106.19957,31.79819],[-106.19956,31.79818],[-106.19955,31.79818],[-106.19953,31.79818],[-106.19952,31.79818],[-106.19952,31.79816],[-106.19952,31.79815],[-106.19952,31.79808],[-106.19952,31.79799],[-106.19952,31.7979],[-106.19953,31.7979],[-106.19955,31.7979],[-106.19956,31.7979],[-106.19957,31.79789],[-106.19958,31.79789],[-106.19959,31.79788],[-106.19959,31.79787],[-106.1996,31.79786],[-106.1996,31.79785],[-106.1996,31.7976],[-106.19961,31.79736],[-106.19962,31.79711],[-106.19964,31.79686],[-106.19963,31.79667],[-106.19962,31.79661],[-106.19962,31.79651],[-106.19961,31.79641],[-106.19959,31.79631],[-106.19957,31.7962],[-106.19954,31.7961],[-106.19954,31.79609],[-106.19951,31.796],[-106.19947,31.79589],[-106.19944,31.79579],[-106.19942,31.79568],[-106.1994,31.79557],[-106.19939,31.79546],[-106.19939,31.79536],[-106.19936,31.79203],[-106.19935,31.79034],[-106.19935,31.78982],[-106.19935,31.78977],[-106.19934,31.78976],[-106.19934,31.78975],[-106.19934,31.78974],[-106.19933,31.78973],[-106.19933,31.78973],[-106.19932,31.78972],[-106.19929,31.78949],[-106.1993,31.78949],[-106.1993,31.78949],[-106.19931,31.78948],[-106.19932,31.78948],[-106.19932,31.78947],[-106.19933,31.78947],[-106.19934,31.78946],[-106.19934,31.78945],[-106.19934,31.78944],[-106.19934,31.78943],[-106.19934,31.78867],[-106.19933,31.78804],[-106.1993,31.784],[-106.1993,31.78389],[-106.1993,31.78388],[-106.19929,31.78387],[-106.19929,31.78386],[-106.19929,31.78386],[-106.19928,31.78385],[-106.19928,31.78384],[-106.19927,31.78384],[-106.19926,31.78383],[-106.19925,31.78383],[-106.19923,31.78383],[-106.19924,31.7837],[-106.19921,31.7837],[-106.19921,31.78355],[-106.19934,31.78355],[-106.19936,31.78355],[-106.19937,31.78354],[-106.19939,31.78353],[-106.19939,31.78352],[-106.1994,31.78351],[-106.1994,31.7834],[-106.1996,31.7834],[-106.1996,31.78339],[-106.19958,31.78164],[-106.19953,31.77738],[-106.19953,31.77562],[-106.19953,31.77475],[-106.19953,31.77437],[-106.19953,31.77436],[-106.19953,31.77433],[-106.19953,31.77425],[-106.19953,31.7736],[-106.19953,31.77334],[-106.19953,31.7733],[-106.19953,31.77302],[-106.19953,31.77273],[-106.19953,31.76947],[-106.19953,31.76939],[-106.19953,31.7693],[-106.20514,31.76929],[-106.2074,31.76929],[-106.2074,31.76929],[-106.20751,31.76927],[-106.20757,31.76926],[-106.20762,31.76925],[-106.20773,31.76923],[-106.20777,31.76921],[-106.20784,31.76919],[-106.20798,31.76915],[-106.20802,31.76914],[-106.20806,31.76914],[-106.2081,31.76915],[-106.20814,31.76916],[-106.2082,31.76918],[-106.20825,31.7692],[-106.20828,31.76921],[-106.20835,31.76923],[-106.20846,31.76925],[-106.20852,31.76926],[-106.20868,31.76929],[-106.2109,31.76929],[-106.21115,31.76929],[-106.21623,31.76928],[-106.21623,31.76927],[-106.21658,31.76928],[-106.21653,31.76216],[-106.22508,31.76216],[-106.23361,31.76216],[-106.23369,31.76934],[-106.23465,31.76934],[-106.23571,31.76934],[-106.23783,31.76933],[-106.23952,31.76933],[-106.24213,31.76932],[-106.2442,31.76932],[-106.2463,31.76931],[-106.24739,31.76931],[-106.24952,31.76931],[-106.24951,31.76766],[-106.25069,31.76765],[-106.25063,31.76334],[-106.25056,31.75797],[-106.25054,31.75672],[-106.24946,31.75673],[-106.24946,31.75498],[-106.25052,31.75498],[-106.25154,31.75499],[-106.25159,31.75499],[-106.25159,31.75499],[-106.25267,31.75498],[-106.25292,31.75498],[-106.25319,31.75497],[-106.25333,31.75497],[-106.25346,31.75497],[-106.2536,31.75497],[-106.25374,31.75497],[-106.25388,31.75497],[-106.25402,31.75497],[-106.25408,31.75498],[-106.25415,31.75498],[-106.25429,31.75498],[-106.25443,31.75498],[-106.25457,31.75498],[-106.25471,31.75498],[-106.25484,31.75498],[-106.25485,31.75498],[-106.25488,31.75498],[-106.25499,31.75498],[-106.25512,31.75498],[-106.25519,31.75498],[-106.25526,31.75498],[-106.2554,31.75498],[-106.25554,31.75498],[-106.25568,31.75498],[-106.25582,31.75498],[-106.25595,31.75498],[-106.25609,31.75498],[-106.25623,31.75498],[-106.25637,31.75498],[-106.25651,31.75498],[-106.25665,31.75498],[-106.25678,31.75498],[-106.25692,31.75498],[-106.25706,31.75498],[-106.25751,31.75499],[-106.25767,31.75498],[-106.25784,31.75498],[-106.25801,31.75498],[-106.25818,31.75498],[-106.25835,31.75498],[-106.25853,31.75498],[-106.2587,31.75498],[-106.25887,31.75498],[-106.25904,31.75498],[-106.25921,31.75498],[-106.25937,31.75498],[-106.25955,31.75498],[-106.25972,31.75498],[-106.25989,31.75498],[-106.26006,31.75499],[-106.26023,31.75498],[-106.26032,31.75498],[-106.26041,31.75498],[-106.26058,31.75498],[-106.26075,31.75498],[-106.26091,31.75498],[-106.26108,31.75498],[-106.26126,31.75499],[-106.26143,31.75499],[-106.2616,31.75499],[-106.26176,31.75499],[-106.26193,31.75498],[-106.26211,31.75498],[-106.26228,31.75498],[-106.26246,31.75499],[-106.26262,31.75498],[-106.26279,31.75498],[-106.26297,31.75499],[-106.26314,31.75499],[-106.2633,31.75498],[-106.26348,31.75498],[-106.26372,31.75499],[-106.26409,31.75501],[-106.26479,31.75501],[-106.26477,31.75394],[-106.26501,31.75399],[-106.26514,31.75401],[-106.26521,31.75401],[-106.26541,31.75402],[-106.26768,31.754],[-106.26771,31.75498],[-106.26737,31.75498],[-106.26738,31.75639],[-106.26735,31.75776],[-106.26731,31.75949],[-106.26729,31.76022],[-106.26729,31.76034],[-106.26729,31.76063],[-106.26729,31.76077]],[[-106.2677,31.78573],[-106.26767,31.78341],[-106.26766,31.783],[-106.26766,31.78183],[-106.26765,31.78121],[-106.26764,31.78101],[-106.26764,31.78064],[-106.26762,31.78018],[-106.2676,31.77976],[-106.26759,31.77952],[-106.26757,31.77898],[-106.26753,31.77819],[-106.26752,31.77811],[-106.2675,31.77763],[-106.26748,31.77725],[-106.26748,31.77716],[-106.26747,31.77693],[-106.26746,31.77677],[-106.26745,31.77666],[-106.26744,31.77649],[-106.26745,31.77637],[-106.26745,31.77637],[-106.26746,31.7758],[-106.26746,31.77536],[-106.26747,31.77516],[-106.26748,31.77494],[-106.26748,31.7749],[-106.26748,31.77464],[-106.2675,31.77434],[-106.2675,31.7741],[-106.2675,31.77406],[-106.26751,31.77382],[-106.26752,31.7736],[-106.26752,31.77346],[-106.26753,31.77316],[-106.26754,31.77287],[-106.26754,31.77271],[-106.26755,31.7725],[-106.26755,31.77244],[-106.26755,31.77189],[-106.26755,31.77181],[-106.26754,31.7716],[-106.26754,31.77136],[-106.26754,31.77103],[-106.26754,31.77096],[-106.26753,31.77081],[-106.26754,31.77071],[-106.26753,31.77061],[-106.26752,31.76908],[-106.26746,31.7626],[-106.26746,31.76229],[-106.26745,31.76228],[-106.26746,31.76228],[-106.26743,31.7616],[-106.26729,31.76077],[-106.26729,31.76063],[-106.26729,31.76034],[-106.26729,31.76022],[-106.26731,31.75949],[-106.26735,31.75776],[-106.26738,31.75639],[-106.26737,31.75498],[-106.26771,31.75498],[-106.26768,31.754],[-106.2677,31.754],[-106.26769,31.75394],[-106.26763,31.75232],[-106.2676,31.75127],[-106.26759,31.7504],[-106.26756,31.75039],[-106.26756,31.75018],[-106.26751,31.74904],[-106.26751,31.74901],[-106.2675,31.74886],[-106.2675,31.74806],[-106.26754,31.74728],[-106.26746,31.74508],[-106.26745,31.74424],[-106.26745,31.74367],[-106.26744,31.74261],[-106.26743,31.74249],[-106.26743,31.7419],[-106.26743,31.74174],[-106.26742,31.74105],[-106.26741,31.74054],[-106.26741,31.74054],[-106.26741,31.74054],[-106.26741,31.74054],[-106.26729,31.74054],[-106.26696,31.74053],[-106.26687,31.74053],[-106.26614,31.74053],[-106.26523,31.74054],[-106.26523,31.74054],[-106.26523,31.74058],[-106.26411,31.74058],[-106.26347,31.74058],[-106.26344,31.74058],[-106.26326,31.74058],[-106.26144,31.74058],[-106.26107,31.74058],[-106.26079,31.74058],[-106.2599,31.74059],[-106.25943,31.74059],[-106.2586,31.74059],[-106.25627,31.74059],[-106.25348,31.74059],[-106.25068,31.74057],[-106.25069,31.74118],[-106.2507,31.7412],[-106.25071,31.74121],[-106.25073,31.74122],[-106.25074,31.74123],[-106.25077,31.74124],[-106.2505,31.74124],[-106.25049,31.74057],[-106.2504,31.73535],[-106.2481,31.73535],[-106.24809,31.73355],[-106.24703,31.73355],[-106.24703,31.73174],[-106.24809,31.73174],[-106.24809,31.73264],[-106.24915,31.73264],[-106.24915,31.73174],[-106.25036,31.73175],[-106.25032,31.7275],[-106.25688,31.72753],[-106.25699,31.72752],[-106.25699,31.72622],[-106.25787,31.72622],[-106.25823,31.72622],[-106.2615,31.72622],[-106.2615,31.72637],[-106.2615,31.72752],[-106.2615,31.72779],[-106.26149,31.72937],[-106.26149,31.72959],[-106.26149,31.72971],[-106.26151,31.72971],[-106.26151,31.72972],[-106.26432,31.72973],[-106.26486,31.72972],[-106.26519,31.72972],[-106.26523,31.72972],[-106.26523,31.72972],[-106.26523,31.72972],[-106.26523,31.72957],[-106.26521,31.72863],[-106.2652,31.72785],[-106.2652,31.72781],[-106.2652,31.72765],[-106.26518,31.72621],[-106.26536,31.7262],[-106.26576,31.7262],[-106.26615,31.72619],[-106.26646,31.72619],[-106.26687,31.72618],[-106.26696,31.72618],[-106.26705,31.72618],[-106.26718,31.72618],[-106.26723,31.72618],[-106.26731,31.72618],[-106.26731,31.72618],[-106.26743,31.72618],[-106.26743,31.72618],[-106.26747,31.72618],[-106.26739,31.72168],[-106.26739,31.72168],[-106.26738,31.72099],[-106.26738,31.72094],[-106.26738,31.72085],[-106.26736,31.71941],[-106.26736,31.7194],[-106.26735,31.71904],[-106.26734,31.71855],[-106.26733,31.71784],[-106.26731,31.71738],[-106.26731,31.71737],[-106.26731,31.71724],[-106.26729,31.71543],[-106.26726,31.71364],[-106.26723,31.71183],[-106.26722,31.71061],[-106.26721,31.71028],[-106.26721,31.71027],[-106.26721,31.70936],[-106.26721,31.70904],[-106.26716,31.70532],[-106.26714,31.7052],[-106.26716,31.70511],[-106.26715,31.70484],[-106.26708,31.6991],[-106.26708,31.69909],[-106.26708,31.69909],[-106.26709,31.69889],[-106.2673,31.69736],[-106.2675,31.69736],[-106.26886,31.69738],[-106.26898,31.69736],[-106.26915,31.69736],[-106.26945,31.69736],[-106.26968,31.69736],[-106.2703,31.69737],[-106.2711,31.69737],[-106.27611,31.69739],[-106.27617,31.69739],[-106.27643,31.69738],[-106.27653,31.69737],[-106.27783,31.69734],[-106.27785,31.69734],[-106.27877,31.69728],[-106.27878,31.69728],[-106.27881,31.69728],[-106.27884,31.69728],[-106.27883,31.69727],[-106.27086,31.6902],[-106.27141,31.69009],[-106.2717,31.69003],[-106.27197,31.68998],[-106.27266,31.68984],[-106.27324,31.68973],[-106.27374,31.68963],[-106.27378,31.68962],[-106.27443,31.68943],[-106.27478,31.68933],[-106.27546,31.68915],[-106.27584,31.68905],[-106.27644,31.68888],[-106.27696,31.68874],[-106.27697,31.68874],[-106.27698,31.68874],[-106.27709,31.68871],[-106.27762,31.68855],[-106.27858,31.68828],[-106.2788,31.6882],[-106.28007,31.68776],[-106.2801,31.68775],[-106.28053,31.6876],[-106.28076,31.68752],[-106.28098,31.68744],[-106.28117,31.68737],[-106.28137,31.68729],[-106.28175,31.68715],[-106.28175,31.68715],[-106.28175,31.68715],[-106.28192,31.68699],[-106.2827,31.6862],[-106.28274,31.68615],[-106.28377,31.68512],[-106.28399,31.68488],[-106.28406,31.6848],[-106.28493,31.68383],[-106.28534,31.68338],[-106.28634,31.68229],[-106.28637,31.68226],[-106.28661,31.682],[-106.28665,31.68196],[-106.28681,31.68179],[-106.28681,31.68178],[-106.28696,31.68162],[-106.28702,31.68154],[-106.28743,31.68108],[-106.28746,31.68105],[-106.28758,31.68091],[-106.28767,31.6808],[-106.2878,31.68066],[-106.2879,31.68054],[-106.28801,31.68042],[-106.2883,31.68009],[-106.28832,31.68007],[-106.28845,31.67993],[-106.28847,31.67991],[-106.28852,31.67985],[-106.28853,31.67985],[-106.28853,31.67984],[-106.28855,31.67983],[-106.28862,31.67975],[-106.28917,31.67915],[-106.2892,31.67912],[-106.28939,31.67891],[-106.28952,31.67877],[-106.28983,31.67843],[-106.28985,31.6784],[-106.28991,31.67834],[-106.28993,31.67831],[-106.28996,31.67826],[-106.28997,31.67825],[-106.28999,31.67823],[-106.29135,31.67979],[-106.29153,31.68007],[-106.29498,31.68379],[-106.29791,31.6866],[-106.29644,31.68781],[-106.28413,31.70136],[-106.30462,31.72086],[-106.30438,31.72118],[-106.30432,31.72129],[-106.30428,31.72135],[-106.30406,31.72165],[-106.30352,31.72238],[-106.30343,31.72251],[-106.30337,31.72261],[-106.30328,31.72278],[-106.30324,31.72288],[-106.30318,31.72301],[-106.30306,31.72335],[-106.30302,31.72349],[-106.30299,31.72361],[-106.30295,31.72375],[-106.30293,31.72387],[-106.30291,31.72409],[-106.30291,31.72427],[-106.30291,31.72453],[-106.30292,31.72474],[-106.30293,31.725],[-106.30292,31.72516],[-106.30276,31.72519],[-106.30271,31.7252],[-106.30255,31.72522],[-106.30246,31.72524],[-106.3023,31.72527],[-106.30218,31.72529],[-106.30204,31.72532],[-106.30194,31.72535],[-106.30181,31.72539],[-106.30166,31.72545],[-106.30155,31.72549],[-106.30154,31.7255],[-106.30193,31.7515],[-106.30193,31.7515],[-106.30193,31.7516],[-106.30194,31.75178],[-106.30194,31.75189],[-106.30194,31.7522],[-106.30195,31.75265],[-106.30195,31.75293],[-106.30195,31.75313],[-106.30196,31.75386],[-106.30196,31.75397],[-106.30196,31.75463],[-106.30197,31.75493],[-106.30197,31.75542],[-106.30198,31.75595],[-106.30198,31.75618],[-106.30198,31.75637],[-106.30198,31.75663],[-106.30198,31.75669],[-106.30199,31.75685],[-106.30199,31.75692],[-106.30199,31.75724],[-106.30199,31.75754],[-106.30199,31.75766],[-106.302,31.7579],[-106.302,31.75841],[-106.302,31.7586],[-106.302,31.75878],[-106.302,31.75899],[-106.302,31.75925],[-106.30201,31.75944],[-106.30201,31.75999],[-106.30201,31.76005],[-106.30202,31.76027],[-106.30203,31.76147],[-106.30203,31.76152],[-106.30204,31.76221],[-106.30205,31.76299],[-106.30205,31.76305],[-106.30205,31.76332],[-106.30206,31.76349],[-106.30206,31.76363],[-106.30206,31.76373],[-106.30206,31.76438],[-106.30206,31.76466],[-106.30206,31.76477],[-106.30206,31.76481],[-106.30207,31.76504],[-106.30208,31.7651],[-106.30207,31.76522],[-106.30204,31.76537],[-106.302,31.7655],[-106.30198,31.76573],[-106.30198,31.76593],[-106.30199,31.76611],[-106.302,31.76646],[-106.30201,31.76684],[-106.30204,31.76812],[-106.30207,31.76916],[-106.30202,31.76943],[-106.30202,31.76943],[-106.30204,31.76943],[-106.30227,31.76943],[-106.30254,31.76943],[-106.30324,31.76943],[-106.30342,31.76942],[-106.30359,31.76942],[-106.30436,31.76942],[-106.30465,31.76942],[-106.30513,31.76942],[-106.30607,31.76941],[-106.30645,31.76941],[-106.30683,31.76941],[-106.30692,31.76941],[-106.30692,31.76945],[-106.30692,31.76949],[-106.3069,31.76967],[-106.30691,31.76989],[-106.3069,31.77012],[-106.30691,31.77055],[-106.30692,31.77094],[-106.30692,31.77137],[-106.30692,31.77152],[-106.3069,31.77163],[-106.30688,31.77171],[-106.30685,31.7718],[-106.30679,31.77188],[-106.30677,31.77192],[-106.30676,31.77193],[-106.30673,31.77198],[-106.30671,31.77201],[-106.30667,31.77206],[-106.3066,31.77213],[-106.30669,31.77215],[-106.3068,31.77218],[-106.30686,31.7722],[-106.30696,31.77224],[-106.30705,31.77229],[-106.30714,31.77234],[-106.30724,31.7724],[-106.30732,31.77245],[-106.30739,31.7725],[-106.30747,31.77256],[-106.30749,31.77257],[-106.30769,31.7727],[-106.30802,31.77292],[-106.30859,31.77329],[-106.30871,31.77338],[-106.30908,31.77362],[-106.30915,31.77367],[-106.30941,31.77384],[-106.30977,31.77407],[-106.31011,31.7743],[-106.31025,31.77438],[-106.31046,31.77453],[-106.3108,31.77476],[-106.31099,31.77489],[-106.31136,31.77513],[-106.31182,31.77544],[-106.3119,31.77549],[-106.31218,31.77568],[-106.31247,31.77587],[-106.3126,31.77595],[-106.31294,31.77617],[-106.31326,31.77639],[-106.31362,31.77663],[-106.31403,31.77691],[-106.31436,31.77713],[-106.31466,31.77733],[-106.31499,31.77754],[-106.31533,31.77778],[-106.31542,31.77783],[-106.31573,31.77802],[-106.31602,31.77823],[-106.31614,31.7781],[-106.31616,31.77808],[-106.31625,31.77798],[-106.3163,31.77793],[-106.31635,31.77787],[-106.31639,31.77781],[-106.31645,31.77769],[-106.31648,31.77761],[-106.31649,31.77752],[-106.31649,31.77742],[-106.31649,31.77724],[-106.31649,31.77712],[-106.3165,31.77695],[-106.31651,31.77662],[-106.3165,31.77648],[-106.31657,31.77648],[-106.31666,31.77649],[-106.31676,31.77649],[-106.31688,31.77649],[-106.31715,31.77649],[-106.31758,31.77649],[-106.31775,31.77649],[-106.31826,31.77649],[-106.31848,31.77649],[-106.31861,31.77649],[-106.31863,31.77735],[-106.31862,31.77767],[-106.31862,31.77802],[-106.31862,31.77845],[-106.31862,31.77871],[-106.3186,31.7789],[-106.31858,31.77896],[-106.31857,31.77899],[-106.31855,31.77904],[-106.31854,31.77906],[-106.31852,31.77909],[-106.31843,31.77922],[-106.31827,31.7794],[-106.31823,31.77945],[-106.31809,31.7796],[-106.3183,31.77973],[-106.31833,31.77976],[-106.31837,31.7798],[-106.31849,31.77993],[-106.31852,31.77997],[-106.31855,31.78004],[-106.3186,31.78017],[-106.31862,31.7803],[-106.31863,31.78044],[-106.31863,31.78082],[-106.31864,31.78116],[-106.31864,31.78173],[-106.31866,31.78232],[-106.31866,31.78255],[-106.31866,31.78319],[-106.31866,31.78364],[-106.31865,31.78378],[-106.31856,31.78378],[-106.31845,31.78378],[-106.31833,31.78378],[-106.3181,31.78378],[-106.31786,31.78378],[-106.3178,31.78378],[-106.31765,31.78378],[-106.31743,31.78378],[-106.31729,31.78378],[-106.31699,31.78378],[-106.31667,31.78378],[-106.31653,31.78378],[-106.31639,31.78378],[-106.31628,31.78378],[-106.31617,31.78378],[-106.31611,31.78378],[-106.31604,31.78378],[-106.31594,31.78378],[-106.31582,31.78378],[-106.31572,31.78378],[-106.31566,31.78378],[-106.31559,31.78378],[-106.31548,31.78378],[-106.31515,31.78378],[-106.31501,31.78378],[-106.31479,31.78378],[-106.31463,31.78378],[-106.31445,31.78378],[-106.31431,31.78379],[-106.31408,31.78379],[-106.31399,31.78379],[-106.31393,31.78379],[-106.3131,31.78378],[-106.31285,31.78378],[-106.3127,31.78379],[-106.31262,31.78378],[-106.31253,31.78378],[-106.31241,31.78378],[-106.3122,31.78379],[-106.31206,31.78378],[-106.31185,31.78379],[-106.31171,31.78378],[-106.3115,31.78378],[-106.31122,31.78378],[-106.31098,31.78378],[-106.31089,31.78378],[-106.3108,31.78378],[-106.31056,31.78378],[-106.31034,31.78378],[-106.31022,31.78378],[-106.31011,31.78378],[-106.30999,31.78378],[-106.30988,31.78379],[-106.30975,31.78379],[-106.30965,31.78379],[-106.30944,31.78379],[-106.30906,31.78379],[-106.30858,31.78379],[-106.30811,31.78379],[-106.30794,31.78379],[-106.30784,31.78379],[-106.3077,31.78379],[-106.30737,31.78378],[-106.30726,31.78378],[-106.30724,31.78378],[-106.30713,31.78376],[-106.30702,31.78375],[-106.30694,31.78375],[-106.3069,31.78374],[-106.30677,31.78372],[-106.30668,31.78371],[-106.30656,31.78369],[-106.30645,31.78367],[-106.30635,31.78365],[-106.30623,31.78362],[-106.30612,31.78359],[-106.30609,31.78358],[-106.30601,31.78356],[-106.30591,31.78352],[-106.30581,31.78349],[-106.30569,31.78344],[-106.30564,31.78342],[-106.3054,31.78332],[-106.30507,31.78318],[-106.30479,31.78306],[-106.30458,31.78298],[-106.30436,31.78289],[-106.30415,31.78281],[-106.30404,31.78277],[-106.30383,31.7827],[-106.30376,31.78268],[-106.30372,31.78267],[-106.30357,31.78263],[-106.3035,31.78262],[-106.30339,31.78259],[-106.30327,31.78257],[-106.30317,31.78256],[-106.30245,31.78251],[-106.30232,31.78256],[-106.30232,31.78266],[-106.30232,31.78286],[-106.30232,31.78325],[-106.30232,31.7835],[-106.30232,31.78373],[-106.30232,31.78445],[-106.30233,31.78462],[-106.30233,31.78501],[-106.30233,31.78517],[-106.30233,31.78552],[-106.30234,31.78573],[-106.30234,31.7864],[-106.30235,31.78728],[-106.30236,31.78819],[-106.30237,31.78861],[-106.30237,31.78901],[-106.30238,31.78925],[-106.30238,31.78963],[-106.30239,31.78988],[-106.30239,31.79015],[-106.3024,31.79043],[-106.30238,31.79054],[-106.30245,31.79053],[-106.30235,31.79067],[-106.30235,31.79094],[-106.30235,31.79099],[-106.30235,31.79122],[-106.30235,31.79152],[-106.30235,31.79161],[-106.30236,31.79179],[-106.30236,31.79204],[-106.30237,31.79276],[-106.30237,31.79314],[-106.30238,31.79347],[-106.30238,31.79367],[-106.30239,31.79426],[-106.30239,31.79453],[-106.30239,31.79481],[-106.3024,31.7958],[-106.3024,31.79614],[-106.3024,31.79626],[-106.3024,31.7964],[-106.30241,31.79649],[-106.30241,31.79675],[-106.30242,31.79709],[-106.30242,31.79737],[-106.30242,31.79771],[-106.30242,31.79786],[-106.30242,31.79815],[-106.30243,31.79859],[-106.30243,31.79885],[-106.30244,31.79913],[-106.30243,31.79938],[-106.30244,31.79979],[-106.30244,31.80014],[-106.30245,31.80075],[-106.30245,31.80106],[-106.30245,31.80126],[-106.30245,31.80158],[-106.30245,31.8017],[-106.30239,31.80181],[-106.30242,31.80222],[-106.28989,31.80388],[-106.28542,31.80445],[-106.2849,31.80453],[-106.28073,31.80505],[-106.27424,31.80594],[-106.2728,31.80613],[-106.26972,31.80654],[-106.26894,31.80664],[-106.2678,31.80683],[-106.2678,31.80637],[-106.26779,31.80597],[-106.26778,31.80589],[-106.26777,31.80582],[-106.26777,31.8056],[-106.26777,31.80526],[-106.26778,31.80469],[-106.26779,31.80431],[-106.2678,31.80401],[-106.26782,31.80347],[-106.26782,31.80323],[-106.26782,31.80308],[-106.26783,31.8028],[-106.26783,31.80269],[-106.26785,31.8023],[-106.26785,31.80216],[-106.26785,31.80187],[-106.26785,31.80179],[-106.26785,31.8013],[-106.26785,31.80074],[-106.26785,31.80062],[-106.26784,31.80011],[-106.26785,31.79996],[-106.26784,31.79936],[-106.26783,31.79874],[-106.26781,31.79817],[-106.26781,31.79807],[-106.26779,31.79748],[-106.26777,31.79696],[-106.26776,31.7965],[-106.26774,31.7959],[-106.26772,31.79529],[-106.26771,31.79507],[-106.26769,31.79462],[-106.26768,31.79421],[-106.26766,31.79365],[-106.26765,31.79318],[-106.26764,31.79284],[-106.26763,31.79256],[-106.26762,31.7923],[-106.26763,31.79182],[-106.26765,31.79123],[-106.26767,31.79037],[-106.26769,31.78949],[-106.26769,31.78939],[-106.26771,31.78874],[-106.26771,31.78846],[-106.26772,31.788],[-106.26771,31.78721],[-106.2677,31.78671],[-106.2677,31.78573]],[[-106.35696,31.7732],[-106.35688,31.7732],[-106.35676,31.77322],[-106.35666,31.7732],[-106.35656,31.7732],[-106.35644,31.7732],[-106.35632,31.7732],[-106.3562,31.7732],[-106.35603,31.7732],[-106.35598,31.77321],[-106.35593,31.77321],[-106.35581,31.77321],[-106.35561,31.77321],[-106.35544,31.77321],[-106.3553,31.77321],[-106.35519,31.77323],[-106.35506,31.77322],[-106.35464,31.77323],[-106.35427,31.77323],[-106.35424,31.77324],[-106.35416,31.77323],[-106.35336,31.77324],[-106.35333,31.77326],[-106.35325,31.77325],[-106.35314,31.77325],[-106.3529,31.77324],[-106.35279,31.77323],[-106.35268,31.77322],[-106.35257,31.7732],[-106.35246,31.77318],[-106.35235,31.77315],[-106.35224,31.77312],[-106.35214,31.77307],[-106.35207,31.77305],[-106.35204,31.77302],[-106.35195,31.77297],[-106.35186,31.77291],[-106.35177,31.77284],[-106.35169,31.77278],[-106.35164,31.77273],[-106.35161,31.77271],[-106.35154,31.77263],[-106.35147,31.77255],[-106.35142,31.77249],[-106.35134,31.7724],[-106.35132,31.77236],[-106.35113,31.77213],[-106.35107,31.77205],[-106.35098,31.77193],[-106.35093,31.77186],[-106.35075,31.77163],[-106.35069,31.77156],[-106.35057,31.77141],[-106.35052,31.77135],[-106.35039,31.77118],[-106.35033,31.7711],[-106.35026,31.77103],[-106.35019,31.77095],[-106.35013,31.77089],[-106.35011,31.77087],[-106.35009,31.77085],[-106.35008,31.77085],[-106.35003,31.7708],[-106.34995,31.77074],[-106.34985,31.77069],[-106.34975,31.77064],[-106.34965,31.7706],[-106.34955,31.77057],[-106.34944,31.77054],[-106.34933,31.77051],[-106.34922,31.7705],[-106.3491,31.77049],[-106.34899,31.77049],[-106.34887,31.77049],[-106.34884,31.77049],[-106.34876,31.77049],[-106.34864,31.77049],[-106.34854,31.77049],[-106.34841,31.77049],[-106.34785,31.7705],[-106.34751,31.77051],[-106.34724,31.77051],[-106.34716,31.77051],[-106.34706,31.77052],[-106.34695,31.77052],[-106.34683,31.77052],[-106.34672,31.77052],[-106.34659,31.77052],[-106.34648,31.77052],[-106.34638,31.77053],[-106.34633,31.77053],[-106.34626,31.77053],[-106.34614,31.77053],[-106.34601,31.77054],[-106.3458,31.77055],[-106.34568,31.77056],[-106.34558,31.77057],[-106.34546,31.7706],[-106.34536,31.77062],[-106.34526,31.77065],[-106.34514,31.77069],[-106.34504,31.77073],[-106.34493,31.77079],[-106.34483,31.77082],[-106.34464,31.77091],[-106.34451,31.77096],[-106.34422,31.77109],[-106.34412,31.77114],[-106.34401,31.77119],[-106.34387,31.77125],[-106.34372,31.77132],[-106.34363,31.77136],[-106.34351,31.77141],[-106.34342,31.77145],[-106.34339,31.77147],[-106.34329,31.77151],[-106.34318,31.77155],[-106.34309,31.77159],[-106.34301,31.77163],[-106.3429,31.77168],[-106.3428,31.77172],[-106.34268,31.77177],[-106.3426,31.77181],[-106.34252,31.77184],[-106.3424,31.77189],[-106.3423,31.77193],[-106.34219,31.77198],[-106.34208,31.77202],[-106.34198,31.77205],[-106.34187,31.77208],[-106.34176,31.7721],[-106.34165,31.77212],[-106.34142,31.77213],[-106.34128,31.77213],[-106.34119,31.77214],[-106.34109,31.77214],[-106.34096,31.77214],[-106.34086,31.77214],[-106.34078,31.77214],[-106.34062,31.77213],[-106.3405,31.77213],[-106.34039,31.77213],[-106.34033,31.77213],[-106.34013,31.77213],[-106.33996,31.77213],[-106.33981,31.77213],[-106.33964,31.77213],[-106.3396,31.77213],[-106.33949,31.77213],[-106.33925,31.77214],[-106.33904,31.77214],[-106.33898,31.77214],[-106.3388,31.77214],[-106.33869,31.77215],[-106.33858,31.77215],[-106.33846,31.77215],[-106.33831,31.77215],[-106.33823,31.77215],[-106.33813,31.77215],[-106.33806,31.77215],[-106.33801,31.77215],[-106.33778,31.77215],[-106.33767,31.77215],[-106.33739,31.77215],[-106.33732,31.77215],[-106.33724,31.77216],[-106.33717,31.77216],[-106.33709,31.77216],[-106.33698,31.77216],[-106.33687,31.77216],[-106.33676,31.77216],[-106.33664,31.77216],[-106.33653,31.77216],[-106.33648,31.77216],[-106.33641,31.77216],[-106.3363,31.77217],[-106.33621,31.77216],[-106.33618,31.77216],[-106.33615,31.77217],[-106.33607,31.77217],[-106.33595,31.77217],[-106.33591,31.77217],[-106.33584,31.77217],[-106.33572,31.77217],[-106.33562,31.77217],[-106.33552,31.77217],[-106.33544,31.77217],[-106.33538,31.77217],[-106.3353,31.77217],[-106.33488,31.77217],[-106.33481,31.77217],[-106.33476,31.77217],[-106.33467,31.77218],[-106.33458,31.77218],[-106.33447,31.77218],[-106.33436,31.77218],[-106.33424,31.77218],[-106.3341,31.77218],[-106.33402,31.77218],[-106.33398,31.77218],[-106.33391,31.77219],[-106.33376,31.77218],[-106.33367,31.77218],[-106.33356,31.77219],[-106.33343,31.77219],[-106.33333,31.77219],[-106.33323,31.77219],[-106.33319,31.77219],[-106.3331,31.77219],[-106.33299,31.77219],[-106.33286,31.77219],[-106.33277,31.7722],[-106.33265,31.7722],[-106.33258,31.7722],[-106.33249,31.7722],[-106.33242,31.7722],[-106.33236,31.7722],[-106.33216,31.7722],[-106.33196,31.7722],[-106.33185,31.7722],[-106.33176,31.7722],[-106.33148,31.7722],[-106.3314,31.7722],[-106.33128,31.7722],[-106.33117,31.7722],[-106.33106,31.77219],[-106.33094,31.77218],[-106.33088,31.77217],[-106.33084,31.77216],[-106.33072,31.77215],[-106.3306,31.77212],[-106.3305,31.7721],[-106.33039,31.77207],[-106.33028,31.77203],[-106.33022,31.77201],[-106.33015,31.77198],[-106.33008,31.77195],[-106.32998,31.77191],[-106.32988,31.77186],[-106.32979,31.77181],[-106.3296,31.77171],[-106.32959,31.7717],[-106.32957,31.77169],[-106.32954,31.77167],[-106.32949,31.77164],[-106.32943,31.77161],[-106.32935,31.77156],[-106.32931,31.77154],[-106.32921,31.77148],[-106.32913,31.77143],[-106.32905,31.77138],[-106.32903,31.77137],[-106.329,31.77135],[-106.32893,31.77131],[-106.32891,31.7713],[-106.32884,31.77126],[-106.32881,31.77124],[-106.32864,31.77114],[-106.32859,31.77111],[-106.3285,31.77106],[-106.32846,31.77103],[-106.32837,31.77098],[-106.32831,31.77095],[-106.32828,31.77093],[-106.32818,31.77087],[-106.32798,31.77076],[-106.32786,31.77069],[-106.3278,31.77066],[-106.32777,31.77064],[-106.32767,31.77058],[-106.32752,31.77049],[-106.32732,31.77037],[-106.32725,31.77033],[-106.32718,31.77029],[-106.32706,31.77022],[-106.32696,31.77016],[-106.32677,31.77005],[-106.3267,31.77001],[-106.32658,31.76994],[-106.32652,31.76991],[-106.32634,31.7698],[-106.32628,31.76976],[-106.32617,31.76971],[-106.3261,31.76966],[-106.32606,31.76964],[-106.326,31.76961],[-106.32592,31.76956],[-106.32582,31.7695],[-106.32574,31.76946],[-106.32573,31.76945],[-106.32569,31.76943],[-106.32565,31.7694],[-106.32561,31.76938],[-106.32546,31.7693],[-106.32544,31.76929],[-106.32541,31.76927],[-106.32536,31.76925],[-106.32534,31.76924],[-106.32524,31.7692],[-106.32515,31.76917],[-106.32503,31.76913],[-106.32492,31.7691],[-106.32481,31.76907],[-106.32474,31.76906],[-106.32459,31.76904],[-106.32448,31.76902],[-106.32437,31.76901],[-106.32425,31.769],[-106.32414,31.769],[-106.32407,31.769],[-106.32402,31.769],[-106.32392,31.769],[-106.32373,31.769],[-106.32357,31.769],[-106.32353,31.769],[-106.32345,31.769],[-106.32333,31.76901],[-106.32323,31.76901],[-106.32312,31.76901],[-106.32287,31.76901],[-106.32277,31.76901],[-106.32271,31.76901],[-106.32265,31.76901],[-106.32253,31.76901],[-106.32246,31.76901],[-106.32226,31.76901],[-106.32206,31.76901],[-106.32203,31.76901],[-106.32182,31.76901],[-106.32171,31.76901],[-106.32149,31.76901],[-106.3214,31.76901],[-106.32117,31.76902],[-106.32106,31.76902],[-106.32097,31.76902],[-106.32082,31.76902],[-106.32071,31.76902],[-106.32058,31.76902],[-106.32048,31.76902],[-106.32037,31.76902],[-106.32027,31.76902],[-106.32014,31.76902],[-106.32003,31.76903],[-106.31994,31.76902],[-106.31982,31.76902],[-106.31969,31.76902],[-106.31956,31.76903],[-106.31947,31.76903],[-106.31935,31.76903],[-106.31923,31.76903],[-106.31912,31.76903],[-106.319,31.76903],[-106.31893,31.76903],[-106.31889,31.76903],[-106.3188,31.76903],[-106.31873,31.76903],[-106.31865,31.76903],[-106.31855,31.76903],[-106.31844,31.76903],[-106.31832,31.76904],[-106.31821,31.76903],[-106.31809,31.76904],[-106.31798,31.76904],[-106.31788,31.76904],[-106.31783,31.76904],[-106.31773,31.76904],[-106.31763,31.76904],[-106.31719,31.76905],[-106.31707,31.76905],[-106.31696,31.76905],[-106.31682,31.76905],[-106.31673,31.76905],[-106.31661,31.76905],[-106.3165,31.76905],[-106.31638,31.76905],[-106.31627,31.76905],[-106.31615,31.76905],[-106.31604,31.76905],[-106.31597,31.76905],[-106.31592,31.76905],[-106.31589,31.76906],[-106.3158,31.76906],[-106.3157,31.76906],[-106.31558,31.76906],[-106.31548,31.76906],[-106.31541,31.76906],[-106.31525,31.76906],[-106.31512,31.76906],[-106.31494,31.76906],[-106.31479,31.76906],[-106.31467,31.76906],[-106.31456,31.76906],[-106.31442,31.76906],[-106.31422,31.76907],[-106.31417,31.76907],[-106.31409,31.76907],[-106.31399,31.76907],[-106.31392,31.76907],[-106.31387,31.76907],[-106.31379,31.76907],[-106.31366,31.76908],[-106.31347,31.76908],[-106.31331,31.76908],[-106.3132,31.76909],[-106.31308,31.7691],[-106.313,31.76911],[-106.31286,31.76913],[-106.31275,31.76915],[-106.31264,31.76918],[-106.31254,31.7692],[-106.31244,31.76923],[-106.31232,31.76926],[-106.31224,31.76928],[-106.31221,31.76929],[-106.31216,31.7693],[-106.31211,31.76931],[-106.31206,31.76933],[-106.31187,31.76936],[-106.31176,31.76938],[-106.31168,31.76939],[-106.31164,31.76939],[-106.31153,31.76941],[-106.31142,31.76941],[-106.31136,31.76941],[-106.31103,31.76942],[-106.31061,31.76942],[-106.31016,31.76942],[-106.30958,31.76941],[-106.3094,31.76941],[-106.30845,31.76941],[-106.3082,31.76941],[-106.30792,31.76941],[-106.30736,31.76941],[-106.30692,31.76941],[-106.30683,31.76941],[-106.30645,31.76941],[-106.30607,31.76941],[-106.30513,31.76942],[-106.30465,31.76942],[-106.30436,31.76942],[-106.30359,31.76942],[-106.30342,31.76942],[-106.30324,31.76943],[-106.30254,31.76943],[-106.30227,31.76943],[-106.30204,31.76943],[-106.30202,31.76943],[-106.30202,31.76943],[-106.30207,31.76916],[-106.30204,31.76812],[-106.30201,31.76684],[-106.302,31.76646],[-106.30199,31.76611],[-106.30198,31.76593],[-106.30198,31.76573],[-106.302,31.7655],[-106.30204,31.76537],[-106.30207,31.76522],[-106.30208,31.7651],[-106.30207,31.76504],[-106.30206,31.76481],[-106.30206,31.76477],[-106.30206,31.76466],[-106.30206,31.76438],[-106.30206,31.76373],[-106.30206,31.76363],[-106.30206,31.76349],[-106.30205,31.76332],[-106.30205,31.76305],[-106.30205,31.76299],[-106.30204,31.76221],[-106.30203,31.76152],[-106.30203,31.76147],[-106.30202,31.76027],[-106.30201,31.76005],[-106.30201,31.75999],[-106.30201,31.75944],[-106.302,31.75925],[-106.302,31.75899],[-106.302,31.75878],[-106.302,31.7586],[-106.302,31.75841],[-106.302,31.7579],[-106.30199,31.75766],[-106.30199,31.75754],[-106.30199,31.75724],[-106.30199,31.75692],[-106.30199,31.75685],[-106.30198,31.75669],[-106.30198,31.75663],[-106.30198,31.75637],[-106.30198,31.75618],[-106.30198,31.75595],[-106.30197,31.75542],[-106.30197,31.75493],[-106.30196,31.75463],[-106.30196,31.75397],[-106.30196,31.75386],[-106.30195,31.75313],[-106.30195,31.75293],[-106.30195,31.75265],[-106.30194,31.7522],[-106.30194,31.75189],[-106.30194,31.75178],[-106.30193,31.7516],[-106.30193,31.7515],[-106.30193,31.7515],[-106.30154,31.7255],[-106.30155,31.72549],[-106.30166,31.72545],[-106.30181,31.72539],[-106.30194,31.72535],[-106.30204,31.72532],[-106.30218,31.72529],[-106.3023,31.72527],[-106.30246,31.72524],[-106.30255,31.72522],[-106.30271,31.7252],[-106.30276,31.72519],[-106.30292,31.72516],[-106.30293,31.725],[-106.30292,31.72474],[-106.30291,31.72453],[-106.30291,31.72427],[-106.30291,31.72409],[-106.30293,31.72387],[-106.30295,31.72375],[-106.30299,31.72361],[-106.30302,31.72349],[-106.30306,31.72335],[-106.30318,31.72301],[-106.30324,31.72288],[-106.30328,31.72278],[-106.30337,31.72261],[-106.30343,31.72251],[-106.30352,31.72238],[-106.30406,31.72165],[-106.30428,31.72135],[-106.30432,31.72129],[-106.30438,31.72118],[-106.30462,31.72086],[-106.28413,31.70136],[-106.29644,31.68781],[-106.29791,31.6866],[-106.29498,31.68379],[-106.29153,31.68007],[-106.29135,31.67979],[-106.28999,31.67823],[-106.29009,31.67812],[-106.29013,31.67808],[-106.29017,31.67803],[-106.29017,31.67803],[-106.29024,31.67796],[-106.29026,31.67795],[-106.29026,31.67794],[-106.29028,31.67793],[-106.29047,31.67776],[-106.29071,31.67754],[-106.29071,31.67754],[-106.29071,31.67754],[-106.2916,31.67656],[-106.29185,31.67628],[-106.29236,31.67571],[-106.29284,31.67518],[-106.29343,31.67453],[-106.29373,31.6742],[-106.29469,31.67313],[-106.29484,31.67296],[-106.29548,31.67226],[-106.2955,31.67221],[-106.29551,31.6722],[-106.29554,31.67215],[-106.29576,31.67188],[-106.29624,31.67131],[-106.2969,31.67056],[-106.2969,31.67056],[-106.29692,31.67054],[-106.29717,31.67028],[-106.29719,31.67026],[-106.29726,31.67018],[-106.29736,31.67008],[-106.29737,31.67008],[-106.29743,31.67002],[-106.29747,31.66996],[-106.29749,31.66995],[-106.29772,31.66967],[-106.29773,31.66965],[-106.29773,31.66966],[-106.29773,31.66965],[-106.29786,31.66951],[-106.29798,31.66938],[-106.30016,31.66776],[-106.30016,31.66776],[-106.30016,31.66776],[-106.30046,31.66745],[-106.30046,31.66745],[-106.30046,31.66745],[-106.30046,31.66744],[-106.30046,31.66744],[-106.30087,31.66714],[-106.30113,31.66696],[-106.30112,31.66696],[-106.30113,31.66695],[-106.3011,31.66693],[-106.30092,31.66672],[-106.30089,31.66668],[-106.30063,31.66639],[-106.30015,31.66583],[-106.29993,31.66559],[-106.29984,31.66549],[-106.29945,31.66505],[-106.29943,31.66503],[-106.2994,31.66499],[-106.29945,31.66496],[-106.29948,31.66493],[-106.2996,31.66485],[-106.29966,31.66481],[-106.29973,31.66477],[-106.29989,31.66468],[-106.29994,31.66465],[-106.29998,31.66463],[-106.30017,31.66452],[-106.30036,31.66441],[-106.30039,31.66439],[-106.3004,31.66439],[-106.30042,31.66437],[-106.30061,31.66426],[-106.30078,31.66416],[-106.30096,31.66404],[-106.30108,31.66398],[-106.30124,31.66387],[-106.30143,31.66375],[-106.30143,31.66375],[-106.30143,31.66375],[-106.3016,31.66351],[-106.30168,31.6634],[-106.30168,31.6634],[-106.30168,31.66339],[-106.3019,31.66303],[-106.30201,31.66286],[-106.30204,31.6628],[-106.30208,31.66274],[-106.30209,31.66272],[-106.3021,31.66271],[-106.30213,31.66266],[-106.30232,31.66267],[-106.30328,31.66261],[-106.30328,31.66261],[-106.30329,31.66261],[-106.30326,31.66251],[-106.30324,31.66245],[-106.30315,31.6621],[-106.30312,31.66198],[-106.30325,31.66196],[-106.30337,31.66194],[-106.30352,31.6619],[-106.30354,31.6619],[-106.30385,31.66183],[-106.30412,31.66179],[-106.3042,31.66178],[-106.30422,31.66178],[-106.30437,31.6618],[-106.30442,31.66181],[-106.30471,31.66193],[-106.30484,31.66198],[-106.30497,31.66203],[-106.30522,31.66214],[-106.30541,31.66222],[-106.30548,31.66226],[-106.30553,31.66229],[-106.30553,31.66229],[-106.30579,31.66234],[-106.30583,31.66265],[-106.30588,31.66307],[-106.30591,31.66328],[-106.30591,31.66334],[-106.30591,31.66339],[-106.30594,31.66337],[-106.30602,31.6633],[-106.3061,31.66323],[-106.30631,31.66306],[-106.30644,31.66295],[-106.30666,31.66277],[-106.30666,31.66277],[-106.30666,31.66277],[-106.30667,31.66276],[-106.30669,31.66274],[-106.30669,31.66274],[-106.30669,31.66274],[-106.30664,31.66266],[-106.30808,31.66173],[-106.30838,31.66154],[-106.30844,31.6615],[-106.30884,31.66125],[-106.30943,31.66087],[-106.30948,31.66083],[-106.30961,31.66074],[-106.30985,31.66057],[-106.30985,31.66057],[-106.30985,31.66057],[-106.31011,31.65998],[-106.31012,31.65995],[-106.31017,31.65989],[-106.31019,31.65987],[-106.31071,31.65881],[-106.311,31.6582],[-106.31109,31.65802],[-106.31147,31.65723],[-106.31149,31.65718],[-106.31146,31.65708],[-106.31146,31.65707],[-106.31147,31.65632],[-106.31147,31.65609],[-106.31147,31.65605],[-106.31147,31.65605],[-106.31147,31.65605],[-106.3111,31.65603],[-106.31108,31.65602],[-106.31082,31.65601],[-106.31076,31.656],[-106.31069,31.656],[-106.30994,31.65595],[-106.3099,31.65549],[-106.30989,31.6554],[-106.30987,31.65523],[-106.30985,31.655],[-106.30985,31.65497],[-106.30935,31.65495],[-106.30931,31.65495],[-106.3092,31.65474],[-106.30914,31.65463],[-106.30913,31.65461],[-106.30912,31.65459],[-106.30912,31.65456],[-106.30912,31.65454],[-106.30911,31.65449],[-106.3091,31.65436],[-106.30909,31.65424],[-106.30908,31.65417],[-106.30907,31.65405],[-106.30907,31.65401],[-106.30907,31.65401],[-106.30907,31.65401],[-106.30907,31.654],[-106.30951,31.65329],[-106.30958,31.65265],[-106.30974,31.65241],[-106.30974,31.65241],[-106.30974,31.65241],[-106.3083,31.65152],[-106.30804,31.65136],[-106.30753,31.65114],[-106.30741,31.65091],[-106.3073,31.65069],[-106.30729,31.65068],[-106.30727,31.65064],[-106.30721,31.65051],[-106.30714,31.65036],[-106.30698,31.65001],[-106.30695,31.64995],[-106.30688,31.64979],[-106.30686,31.64976],[-106.30685,31.64973],[-106.30659,31.64943],[-106.3069,31.64923],[-106.30707,31.64912],[-106.30732,31.64896],[-106.3074,31.64891],[-106.30745,31.64888],[-106.30745,31.64888],[-106.30745,31.64888],[-106.3073,31.64871],[-106.30729,31.64869],[-106.30727,31.64867],[-106.3071,31.64847],[-106.30703,31.64839],[-106.30682,31.64814],[-106.3064,31.64764],[-106.30623,31.64744],[-106.30608,31.64728],[-106.30548,31.6466],[-106.30542,31.64653],[-106.3052,31.64627],[-106.30513,31.64619],[-106.30484,31.64586],[-106.30477,31.64579],[-106.30468,31.64569],[-106.30464,31.64564],[-106.30446,31.64545],[-106.30346,31.64427],[-106.30345,31.64426],[-106.30341,31.64422],[-106.30332,31.64411],[-106.30237,31.64303],[-106.30203,31.64263],[-106.30195,31.64254],[-106.30161,31.64214],[-106.30141,31.6419],[-106.30113,31.64157],[-106.30095,31.64136],[-106.30095,31.64136],[-106.30091,31.64131],[-106.30091,31.64131],[-106.30091,31.64131],[-106.30091,31.64138],[-106.30091,31.64141],[-106.30084,31.64143],[-106.30007,31.64173],[-106.29968,31.64188],[-106.29956,31.64161],[-106.29952,31.64152],[-106.29952,31.64152],[-106.29941,31.64127],[-106.29934,31.64115],[-106.29933,31.64112],[-106.3004,31.64068],[-106.30038,31.64066],[-106.30031,31.64057],[-106.30021,31.64046],[-106.30007,31.64035],[-106.30004,31.64033],[-106.29994,31.64024],[-106.29993,31.64024],[-106.29993,31.64024],[-106.29958,31.64009],[-106.29914,31.64003],[-106.29889,31.63999],[-106.29872,31.63997],[-106.29863,31.63969],[-106.29863,31.63968],[-106.29863,31.63968],[-106.29839,31.63892],[-106.29834,31.63876],[-106.29832,31.63872],[-106.29807,31.63818],[-106.29777,31.63752],[-106.29728,31.63751],[-106.29725,31.63751],[-106.29724,31.63751],[-106.29723,31.63751],[-106.29717,31.63754],[-106.29717,31.63754],[-106.29697,31.63721],[-106.2966,31.6366],[-106.29658,31.63657],[-106.29654,31.6365],[-106.29629,31.63612],[-106.2962,31.63598],[-106.29616,31.63592],[-106.29607,31.63577],[-106.29566,31.63508],[-106.29481,31.63366],[-106.29472,31.63351],[-106.29462,31.63334],[-106.29371,31.63181],[-106.29366,31.63176],[-106.29361,31.63172],[-106.29321,31.63104],[-106.29303,31.63074],[-106.29298,31.63066],[-106.29193,31.62892],[-106.29205,31.62884],[-106.29209,31.62881],[-106.29211,31.6288],[-106.29241,31.6286],[-106.29269,31.62842],[-106.29269,31.62841],[-106.29269,31.62841],[-106.29269,31.62841],[-106.29262,31.62833],[-106.29252,31.62823],[-106.29254,31.6281],[-106.29267,31.62707],[-106.29267,31.62706],[-106.2927,31.62684],[-106.2927,31.62684],[-106.2927,31.62684],[-106.29256,31.62679],[-106.29206,31.62662],[-106.292,31.62659],[-106.29181,31.62653],[-106.29386,31.62562],[-106.29626,31.62455],[-106.29641,31.62448],[-106.29648,31.62445],[-106.29681,31.62501],[-106.29705,31.62541],[-106.29874,31.62464],[-106.29896,31.62458],[-106.29901,31.62457],[-106.29905,31.62456],[-106.29906,31.62456],[-106.29933,31.62443],[-106.30044,31.62393],[-106.30248,31.623],[-106.30275,31.62287],[-106.30286,31.62282],[-106.30286,31.62282],[-106.30359,31.62248],[-106.30384,31.62292],[-106.30385,31.62293],[-106.30499,31.62475],[-106.30611,31.62659],[-106.30724,31.62841],[-106.30758,31.62901],[-106.30797,31.6296],[-106.30921,31.63117],[-106.31001,31.63218],[-106.31035,31.63254],[-106.31113,31.63353],[-106.31138,31.6339],[-106.31161,31.63413],[-106.31259,31.63532],[-106.31277,31.63561],[-106.31301,31.63589],[-106.31354,31.63637],[-106.31396,31.63682],[-106.31438,31.63758],[-106.31462,31.63784],[-106.31511,31.63829],[-106.31519,31.63837],[-106.31553,31.63885],[-106.31567,31.63909],[-106.31605,31.63963],[-106.31627,31.63986],[-106.31677,31.64036],[-106.31728,31.64099],[-106.31775,31.64175],[-106.31795,31.64201],[-106.31825,31.64228],[-106.31867,31.64284],[-106.31883,31.643],[-106.31931,31.64355],[-106.31949,31.64387],[-106.3197,31.64417],[-106.31993,31.64436],[-106.32014,31.6446],[-106.32014,31.64461],[-106.32023,31.6447],[-106.32085,31.64545],[-106.32102,31.64568],[-106.32129,31.64607],[-106.32158,31.64635],[-106.32177,31.64661],[-106.32209,31.64697],[-106.3223,31.64723],[-106.32314,31.64828],[-106.32463,31.6501],[-106.32502,31.65067],[-106.32573,31.6519],[-106.3261,31.65242],[-106.32847,31.65631],[-106.32858,31.65657],[-106.32875,31.65673],[-106.32888,31.65688],[-106.32891,31.65709],[-106.32898,31.65718],[-106.32905,31.65732],[-106.32911,31.65749],[-106.32929,31.6578],[-106.32945,31.65791],[-106.32963,31.65821],[-106.32986,31.65849],[-106.32986,31.6585],[-106.32995,31.65861],[-106.32997,31.65864],[-106.32998,31.65865],[-106.33008,31.65877],[-106.33034,31.65906],[-106.33153,31.66044],[-106.33307,31.66216],[-106.33365,31.66262],[-106.33403,31.66298],[-106.33444,31.66356],[-106.33473,31.66411],[-106.33636,31.66772],[-106.33638,31.66776],[-106.3364,31.66781],[-106.33778,31.67087],[-106.3378,31.67092],[-106.33782,31.67095],[-106.33784,31.67099],[-106.33785,31.67103],[-106.33787,31.67108],[-106.33789,31.67112],[-106.33791,31.67115],[-106.33794,31.67122],[-106.33796,31.67127],[-106.33798,31.67132],[-106.34018,31.67625],[-106.34112,31.6783],[-106.34258,31.68176],[-106.34367,31.68405],[-106.34517,31.68747],[-106.34605,31.68933],[-106.34668,31.6907],[-106.34669,31.69072],[-106.34687,31.69113],[-106.34688,31.69114],[-106.34699,31.69143],[-106.34699,31.69144],[-106.34754,31.69288],[-106.34827,31.6945],[-106.34896,31.69581],[-106.34953,31.6967],[-106.35031,31.6975],[-106.35038,31.69756],[-106.35039,31.69757],[-106.35107,31.69817],[-106.35112,31.69822],[-106.35138,31.69845],[-106.35141,31.69847],[-106.35142,31.69847],[-106.35244,31.6991],[-106.35327,31.69968],[-106.35333,31.69972],[-106.35448,31.70053],[-106.35689,31.70212],[-106.3569,31.70212],[-106.35701,31.70219],[-106.35706,31.70223],[-106.35846,31.70323],[-106.36004,31.70416],[-106.36096,31.70472],[-106.36186,31.70531],[-106.36453,31.7071],[-106.3683,31.70958],[-106.36943,31.71025],[-106.37004,31.71065],[-106.37059,31.71113],[-106.37122,31.71161],[-106.37224,31.71246],[-106.37281,31.71315],[-106.37341,31.71391],[-106.37353,31.71409],[-106.37398,31.7148],[-106.37432,31.71582],[-106.37488,31.7179],[-106.37551,31.7201],[-106.3761,31.72214],[-106.37643,31.723],[-106.37678,31.72415],[-106.37693,31.7247],[-106.37755,31.72699],[-106.37745,31.72701],[-106.37651,31.72722],[-106.37625,31.72727],[-106.37604,31.72732],[-106.3756,31.72742],[-106.37497,31.72755],[-106.37458,31.72764],[-106.37441,31.72767],[-106.37412,31.72773],[-106.37373,31.72781],[-106.37351,31.72787],[-106.37356,31.72803],[-106.37367,31.72839],[-106.37371,31.72851],[-106.3737,31.72856],[-106.3736,31.72859],[-106.37349,31.72861],[-106.37303,31.72871],[-106.37202,31.72893],[-106.3712,31.7291],[-106.37069,31.72921],[-106.37025,31.7293],[-106.36973,31.72941],[-106.36962,31.72944],[-106.36935,31.7295],[-106.36927,31.72952],[-106.36914,31.72954],[-106.36906,31.72954],[-106.36896,31.72954],[-106.36884,31.72954],[-106.36873,31.72952],[-106.36855,31.72951],[-106.36849,31.72951],[-106.36847,31.72968],[-106.36843,31.73013],[-106.36841,31.73033],[-106.36837,31.73071],[-106.36834,31.73094],[-106.36833,31.73107],[-106.36831,31.73126],[-106.3683,31.73133],[-106.3683,31.73143],[-106.36832,31.73152],[-106.36832,31.73153],[-106.36834,31.73162],[-106.36836,31.7317],[-106.36838,31.73174],[-106.3684,31.73181],[-106.36843,31.7319],[-106.36846,31.73199],[-106.36851,31.73208],[-106.36853,31.73212],[-106.36855,31.73217],[-106.36866,31.73234],[-106.36871,31.73243],[-106.3688,31.73256],[-106.36887,31.73268],[-106.36879,31.73269],[-106.36861,31.7328],[-106.36848,31.73287],[-106.36843,31.73291],[-106.36826,31.73303],[-106.36813,31.73314],[-106.36803,31.73323],[-106.36797,31.73328],[-106.36765,31.73358],[-106.3675,31.73371],[-106.36704,31.73419],[-106.36678,31.7345],[-106.3667,31.7346],[-106.36859,31.7362],[-106.36967,31.73713],[-106.37076,31.73806],[-106.3718,31.73895],[-106.37267,31.73969],[-106.37321,31.74014],[-106.3741,31.74089],[-106.37421,31.74099],[-106.3751,31.74175],[-106.37495,31.74175],[-106.37489,31.74175],[-106.37336,31.74173],[-106.37289,31.74172],[-106.37277,31.74173],[-106.37171,31.74172],[-106.37105,31.74172],[-106.37065,31.74172],[-106.37031,31.74172],[-106.37012,31.74171],[-106.36907,31.74171],[-106.36797,31.7417],[-106.36726,31.7417],[-106.36716,31.74169],[-106.36647,31.74169],[-106.36593,31.74168],[-106.36548,31.74168],[-106.36528,31.74167],[-106.36521,31.74167],[-106.36508,31.74166],[-106.36493,31.74165],[-106.36488,31.74165],[-106.36478,31.74166],[-106.36467,31.74168],[-106.36456,31.7417],[-106.36447,31.74174],[-106.3643,31.74181],[-106.36421,31.74166],[-106.36394,31.74114],[-106.36384,31.74097],[-106.36364,31.74062],[-106.36352,31.74043],[-106.36341,31.74026],[-106.36336,31.74019],[-106.36321,31.74001],[-106.3631,31.73988],[-106.36289,31.73961],[-106.36264,31.7393],[-106.36226,31.73887],[-106.36174,31.73833],[-106.36123,31.73773],[-106.3606,31.737],[-106.36047,31.73684],[-106.35994,31.7362],[-106.35945,31.73568],[-106.35928,31.73549],[-106.35906,31.73528],[-106.35887,31.7351],[-106.35852,31.7348],[-106.35807,31.73447],[-106.35762,31.7342],[-106.35712,31.7339],[-106.35705,31.73385],[-106.35693,31.73379],[-106.35643,31.73352],[-106.35612,31.73333],[-106.35604,31.73328],[-106.35568,31.73308],[-106.35548,31.73296],[-106.35529,31.73285],[-106.35489,31.73263],[-106.35463,31.73247],[-106.35452,31.73241],[-106.35418,31.73222],[-106.35388,31.73204],[-106.35359,31.73187],[-106.35318,31.73164],[-106.35289,31.73148],[-106.35273,31.73138],[-106.35261,31.73131],[-106.35252,31.73125],[-106.35241,31.73119],[-106.35226,31.7311],[-106.35197,31.73094],[-106.35183,31.73086],[-106.35178,31.73083],[-106.3516,31.73073],[-106.35139,31.7306],[-106.35111,31.73044],[-106.35036,31.73001],[-106.34994,31.72977],[-106.34931,31.72941],[-106.34893,31.72918],[-106.34865,31.72902],[-106.34826,31.72878],[-106.34795,31.72859],[-106.34785,31.72866],[-106.34754,31.72889],[-106.34746,31.72896],[-106.34731,31.72906],[-106.34723,31.72912],[-106.34689,31.72937],[-106.34679,31.72946],[-106.34677,31.72947],[-106.34653,31.72965],[-106.34645,31.72971],[-106.34635,31.72979],[-106.34605,31.73002],[-106.34568,31.7303],[-106.34558,31.73042],[-106.34547,31.73052],[-106.34539,31.73061],[-106.34527,31.73076],[-106.34515,31.73091],[-106.34507,31.73102],[-106.34501,31.73112],[-106.34495,31.73122],[-106.3449,31.73131],[-106.3448,31.73153],[-106.34475,31.73165],[-106.34471,31.73173],[-106.34448,31.73221],[-106.34436,31.73244],[-106.34426,31.73266],[-106.34422,31.73275],[-106.34415,31.73291],[-106.34409,31.73309],[-106.34406,31.73319],[-106.34405,31.73328],[-106.34404,31.73337],[-106.34404,31.73341],[-106.34404,31.73347],[-106.34404,31.73355],[-106.34404,31.73362],[-106.34406,31.73372],[-106.34408,31.73384],[-106.34412,31.73397],[-106.34418,31.73416],[-106.34426,31.73435],[-106.34443,31.73477],[-106.34473,31.73549],[-106.34477,31.73561],[-106.34509,31.73641],[-106.34533,31.73701],[-106.34542,31.73721],[-106.34557,31.73759],[-106.34563,31.73774],[-106.34571,31.73801],[-106.34578,31.73829],[-106.34582,31.73848],[-106.34585,31.73868],[-106.34588,31.73887],[-106.3459,31.73921],[-106.34591,31.73927],[-106.3459,31.73977],[-106.3459,31.74],[-106.3459,31.74026],[-106.34592,31.74149],[-106.34592,31.74228],[-106.34592,31.74299],[-106.34592,31.74314],[-106.34592,31.74327],[-106.34592,31.7437],[-106.34593,31.74408],[-106.34593,31.74426],[-106.34593,31.74553],[-106.34593,31.74602],[-106.34593,31.7465],[-106.34594,31.74686],[-106.34594,31.74696],[-106.34594,31.74776],[-106.34595,31.74829],[-106.34595,31.74911],[-106.34596,31.74931],[-106.34596,31.74954],[-106.34596,31.74977],[-106.34596,31.74983],[-106.34597,31.74989],[-106.34597,31.74996],[-106.34596,31.75031],[-106.34595,31.75064],[-106.34595,31.75093],[-106.34596,31.75115],[-106.34598,31.75125],[-106.34599,31.75138],[-106.346,31.75152],[-106.34599,31.75168],[-106.34596,31.75182],[-106.34592,31.75193],[-106.34588,31.75201],[-106.34584,31.7521],[-106.3458,31.75216],[-106.34576,31.75222],[-106.34568,31.75232],[-106.34561,31.75241],[-106.34554,31.75237],[-106.34538,31.75255],[-106.34527,31.75268],[-106.34533,31.75272],[-106.34634,31.75334],[-106.3469,31.75369],[-106.34789,31.7543],[-106.34799,31.75437],[-106.34822,31.75451],[-106.34886,31.75491],[-106.34962,31.75538],[-106.34968,31.75542],[-106.34974,31.75545],[-106.34983,31.75551],[-106.35074,31.75607],[-106.3511,31.75629],[-106.35157,31.75658],[-106.35196,31.75681],[-106.35269,31.75727],[-106.353,31.75746],[-106.35352,31.75778],[-106.35424,31.75823],[-106.35456,31.75843],[-106.35533,31.7589],[-106.35538,31.75894],[-106.35544,31.75897],[-106.35553,31.75903],[-106.35565,31.7591],[-106.35573,31.75915],[-106.35587,31.75924],[-106.35602,31.75933],[-106.35636,31.75955],[-106.35655,31.75966],[-106.35761,31.76032],[-106.35793,31.76052],[-106.35845,31.76084],[-106.35914,31.76127],[-106.35944,31.76145],[-106.35996,31.76136],[-106.35993,31.76139],[-106.35989,31.76143],[-106.35983,31.7615],[-106.35973,31.7616],[-106.35971,31.76162],[-106.36059,31.76217],[-106.36103,31.76245],[-106.36102,31.76286],[-106.36106,31.7645],[-106.36111,31.76639],[-106.36115,31.76837],[-106.36116,31.77015],[-106.36116,31.77082],[-106.36121,31.77181],[-106.36127,31.77389],[-106.36126,31.77404],[-106.36122,31.77404],[-106.36116,31.77404],[-106.36105,31.77404],[-106.36092,31.77404],[-106.36068,31.77404],[-106.36058,31.77404],[-106.36046,31.77404],[-106.36038,31.77404],[-106.36024,31.77403],[-106.36015,31.77402],[-106.36002,31.77401],[-106.3599,31.77399],[-106.35982,31.77398],[-106.35979,31.77397],[-106.3597,31.77395],[-106.35965,31.77394],[-106.35958,31.77392],[-106.35948,31.77389],[-106.35939,31.77386],[-106.35936,31.77385],[-106.35927,31.77382],[-106.35916,31.77378],[-106.35914,31.77377],[-106.3591,31.77375],[-106.35905,31.77374],[-106.35882,31.77365],[-106.35873,31.77362],[-106.35871,31.77361],[-106.35849,31.77353],[-106.35842,31.7735],[-106.35831,31.77347],[-106.3582,31.77342],[-106.3581,31.77339],[-106.35798,31.77335],[-106.35789,31.77332],[-106.35781,31.7733],[-106.35778,31.77329],[-106.35767,31.77327],[-106.35757,31.77325],[-106.35745,31.77323],[-106.35722,31.77321],[-106.35711,31.7732],[-106.35696,31.7732]],[[-106.57704,31.86361],[-106.57668,31.86362],[-106.57657,31.86363],[-106.57633,31.86364],[-106.57607,31.86365],[-106.57579,31.86365],[-106.5754,31.86366],[-106.5749,31.86366],[-106.57465,31.86366],[-106.57446,31.86366],[-106.57437,31.86366],[-106.57416,31.86365],[-106.57389,31.86365],[-106.5733,31.86365],[-106.57249,31.86365],[-106.57197,31.86365],[-106.57158,31.86365],[-106.57106,31.86365],[-106.57074,31.86365],[-106.57055,31.86365],[-106.57029,31.86365],[-106.56993,31.86365],[-106.56962,31.86365],[-106.56932,31.86365],[-106.56907,31.86365],[-106.56888,31.86365],[-106.56875,31.86365],[-106.56866,31.86365],[-106.56842,31.86362],[-106.5683,31.8636],[-106.5682,31.86358],[-106.56809,31.86356],[-106.56801,31.86355],[-106.56789,31.86352],[-106.56776,31.86349],[-106.56754,31.86342],[-106.5674,31.86337],[-106.5673,31.86334],[-106.56714,31.86327],[-106.56703,31.86322],[-106.56694,31.86318],[-106.5668,31.8631],[-106.56668,31.86303],[-106.56654,31.86294],[-106.56644,31.86288],[-106.56638,31.86284],[-106.5663,31.86278],[-106.56619,31.8627],[-106.56615,31.86267],[-106.56601,31.86255],[-106.56597,31.86251],[-106.5659,31.86244],[-106.56572,31.86225],[-106.5657,31.86222],[-106.56562,31.86213],[-106.56556,31.86207],[-106.56546,31.86195],[-106.56517,31.86164],[-106.56507,31.86152],[-106.5649,31.86133],[-106.5647,31.8611],[-106.56462,31.86101],[-106.56444,31.86082],[-106.56434,31.86073],[-106.56424,31.86063],[-106.56383,31.86031],[-106.56377,31.86028],[-106.56357,31.86015],[-106.56348,31.8601],[-106.56333,31.86003],[-106.56317,31.85996],[-106.56304,31.85991],[-106.56279,31.85982],[-106.56259,31.85976],[-106.56254,31.85974],[-106.56232,31.85968],[-106.5622,31.85966],[-106.56212,31.85964],[-106.562,31.85962],[-106.56178,31.85959],[-106.56159,31.85958],[-106.56137,31.85956],[-106.56109,31.85954],[-106.56089,31.85953],[-106.56046,31.85952],[-106.56031,31.85952],[-106.56014,31.85952],[-106.55997,31.85952],[-106.55968,31.85952],[-106.5594,31.85952],[-106.55907,31.85951],[-106.55847,31.85951],[-106.5583,31.85951],[-106.5581,31.85951],[-106.55799,31.85951],[-106.55799,31.85971],[-106.558,31.86019],[-106.55801,31.86034],[-106.55801,31.86052],[-106.55801,31.86095],[-106.558,31.86116],[-106.558,31.86165],[-106.558,31.86181],[-106.55801,31.86221],[-106.55801,31.86252],[-106.55801,31.86281],[-106.55801,31.86304],[-106.558,31.86339],[-106.558,31.86358],[-106.55792,31.86358],[-106.5577,31.86358],[-106.55756,31.86358],[-106.55732,31.86358],[-106.55679,31.86358],[-106.55621,31.86358],[-106.55521,31.86358],[-106.5541,31.86359],[-106.55333,31.8636],[-106.55327,31.86342],[-106.55211,31.86091],[-106.55189,31.86097],[-106.55116,31.8612],[-106.55098,31.86126],[-106.55088,31.86129],[-106.55063,31.86136],[-106.55049,31.86141],[-106.55035,31.86146],[-106.55028,31.86148],[-106.55021,31.86151],[-106.55012,31.86155],[-106.54998,31.86161],[-106.54986,31.86168],[-106.54967,31.86179],[-106.54953,31.86189],[-106.5495,31.86191],[-106.54947,31.86194],[-106.54935,31.86184],[-106.54924,31.86174],[-106.54914,31.86165],[-106.5488,31.86138],[-106.54867,31.86128],[-106.54849,31.86113],[-106.54826,31.86094],[-106.54811,31.86082],[-106.54805,31.86077],[-106.54776,31.86054],[-106.54751,31.86033],[-106.54739,31.86023],[-106.54727,31.86013],[-106.54712,31.86002],[-106.5468,31.85976],[-106.54655,31.85955],[-106.54637,31.85942],[-106.54616,31.85926],[-106.54588,31.85903],[-106.54575,31.85893],[-106.54563,31.85884],[-106.54538,31.85864],[-106.54522,31.85851],[-106.54507,31.85839],[-106.54456,31.85799],[-106.54442,31.85789],[-106.54418,31.8577],[-106.54403,31.85758],[-106.54381,31.85741],[-106.5437,31.85732],[-106.54365,31.85728],[-106.54352,31.85718],[-106.54343,31.85711],[-106.54336,31.85704],[-106.54327,31.85696],[-106.5432,31.85687],[-106.54312,31.85677],[-106.54301,31.85663],[-106.54292,31.8565],[-106.54289,31.85645],[-106.54285,31.85637],[-106.54264,31.85597],[-106.54256,31.85581],[-106.54245,31.85561],[-106.54218,31.85512],[-106.54213,31.85503],[-106.54204,31.85485],[-106.54199,31.85476],[-106.54196,31.85466],[-106.54194,31.85458],[-106.54193,31.85448],[-106.54192,31.85438],[-106.54192,31.85429],[-106.54192,31.85415],[-106.54191,31.85336],[-106.54191,31.85322],[-106.54191,31.85293],[-106.5419,31.85279],[-106.54189,31.85261],[-106.54203,31.85239],[-106.54201,31.85239],[-106.54185,31.85239],[-106.54184,31.85235],[-106.5418,31.85223],[-106.54177,31.85211],[-106.54176,31.85208],[-106.54175,31.85203],[-106.54172,31.85193],[-106.54169,31.85186],[-106.54166,31.85175],[-106.5416,31.85167],[-106.54152,31.85158],[-106.54139,31.85131],[-106.54137,31.85127],[-106.5413,31.85112],[-106.54114,31.85082],[-106.54105,31.85066],[-106.54093,31.85043],[-106.54082,31.85022],[-106.54066,31.84993],[-106.54055,31.84973],[-106.54047,31.84957],[-106.54032,31.84935],[-106.54027,31.84928],[-106.54022,31.84921],[-106.54013,31.84911],[-106.54005,31.84903],[-106.54001,31.84899],[-106.53993,31.84892],[-106.53988,31.84888],[-106.53975,31.84877],[-106.53966,31.84871],[-106.53948,31.84858],[-106.53878,31.84811],[-106.53854,31.84795],[-106.53843,31.84787],[-106.53806,31.84763],[-106.53793,31.84754],[-106.53752,31.84727],[-106.53726,31.8471],[-106.53724,31.84708],[-106.53719,31.84704],[-106.53713,31.847],[-106.53707,31.84696],[-106.53704,31.84694],[-106.53702,31.84692],[-106.53699,31.84689],[-106.53692,31.84684],[-106.53688,31.8468],[-106.53684,31.84676],[-106.53681,31.84673],[-106.53676,31.84668],[-106.53671,31.8466],[-106.53666,31.84654],[-106.53663,31.8465],[-106.53661,31.84646],[-106.53657,31.8464],[-106.53651,31.84631],[-106.53649,31.84625],[-106.53646,31.84618],[-106.53644,31.84613],[-106.53641,31.84603],[-106.53638,31.84594],[-106.53634,31.84581],[-106.5363,31.84563],[-106.53628,31.84554],[-106.53609,31.84484],[-106.53597,31.84438],[-106.53578,31.84365],[-106.53576,31.84358],[-106.53572,31.84348],[-106.53566,31.84338],[-106.53561,31.84328],[-106.53556,31.84321],[-106.53551,31.84316],[-106.53549,31.84313],[-106.53543,31.84307],[-106.53537,31.84301],[-106.53528,31.84293],[-106.53526,31.84291],[-106.53524,31.8429],[-106.53517,31.84285],[-106.53512,31.84282],[-106.53504,31.84275],[-106.53499,31.84271],[-106.53496,31.84269],[-106.53484,31.84258],[-106.5348,31.84253],[-106.53475,31.84248],[-106.53471,31.84242],[-106.53466,31.84236],[-106.53461,31.84227],[-106.53459,31.84223],[-106.53455,31.84215],[-106.53453,31.84209],[-106.53448,31.84197],[-106.53442,31.84181],[-106.53426,31.84133],[-106.53412,31.84095],[-106.53408,31.84086],[-106.53403,31.84074],[-106.53395,31.84062],[-106.53389,31.84054],[-106.53386,31.84051],[-106.53381,31.84045],[-106.53376,31.84041],[-106.5337,31.84035],[-106.53363,31.8403],[-106.53351,31.84022],[-106.53347,31.84019],[-106.5334,31.84016],[-106.53327,31.8401],[-106.53322,31.84009],[-106.53317,31.84007],[-106.53307,31.84005],[-106.53283,31.84],[-106.53214,31.83989],[-106.53181,31.83984],[-106.53174,31.83982],[-106.53168,31.83981],[-106.53151,31.83976],[-106.5314,31.83971],[-106.53133,31.83967],[-106.53124,31.83962],[-106.5311,31.83954],[-106.53102,31.83948],[-106.53076,31.8393],[-106.5306,31.8392],[-106.53052,31.83914],[-106.53042,31.83909],[-106.53032,31.83904],[-106.53018,31.83899],[-106.53009,31.83896],[-106.52987,31.83892],[-106.5296,31.83887],[-106.52948,31.83886],[-106.52924,31.83883],[-106.52911,31.83882],[-106.52905,31.83882],[-106.52889,31.83882],[-106.52875,31.83881],[-106.52865,31.83881],[-106.52854,31.8388],[-106.52835,31.83876],[-106.52817,31.83872],[-106.52801,31.83868],[-106.52788,31.83863],[-106.52771,31.83858],[-106.52745,31.83852],[-106.52719,31.83847],[-106.52708,31.83845],[-106.52697,31.83842],[-106.52686,31.83839],[-106.52679,31.83837],[-106.52671,31.83834],[-106.52656,31.83828],[-106.52641,31.83819],[-106.52634,31.83808],[-106.52628,31.83804],[-106.52616,31.83793],[-106.52605,31.83783],[-106.52598,31.83774],[-106.52592,31.83766],[-106.52587,31.83758],[-106.52581,31.83746],[-106.52577,31.83734],[-106.52573,31.83715],[-106.52573,31.83705],[-106.52573,31.83693],[-106.52574,31.83684],[-106.52577,31.8367],[-106.52582,31.83638],[-106.52586,31.83619],[-106.52588,31.83605],[-106.52594,31.83577],[-106.52601,31.8354],[-106.52604,31.83522],[-106.52612,31.83475],[-106.52614,31.83464],[-106.52615,31.83449],[-106.52617,31.83434],[-106.52618,31.83414],[-106.52618,31.83389],[-106.52618,31.83284],[-106.52618,31.83183],[-106.52618,31.83151],[-106.52618,31.83139],[-106.52618,31.83116],[-106.52619,31.83103],[-106.5262,31.83094],[-106.52621,31.83081],[-106.52623,31.83072],[-106.52625,31.83063],[-106.5263,31.83045],[-106.52632,31.83037],[-106.52639,31.8302],[-106.52648,31.83001],[-106.5266,31.82979],[-106.52674,31.82958],[-106.52689,31.82941],[-106.52708,31.82923],[-106.52718,31.82913],[-106.52728,31.82905],[-106.52762,31.82876],[-106.52753,31.82869],[-106.52742,31.82859],[-106.52713,31.82833],[-106.527,31.82821],[-106.52675,31.82798],[-106.52649,31.82775],[-106.52617,31.82747],[-106.5261,31.8274],[-106.52605,31.82735],[-106.52594,31.82725],[-106.52585,31.82717],[-106.52565,31.82725],[-106.5255,31.82737],[-106.52536,31.82745],[-106.52525,31.8275],[-106.52513,31.82753],[-106.52493,31.82757],[-106.52483,31.8276],[-106.5248,31.82761],[-106.52474,31.82764],[-106.52469,31.82767],[-106.52465,31.8277],[-106.52461,31.82772],[-106.52458,31.82775],[-106.5241,31.82822],[-106.52388,31.82845],[-106.52353,31.8288],[-106.52324,31.82909],[-106.52309,31.82923],[-106.52294,31.82937],[-106.52279,31.82924],[-106.52253,31.829],[-106.52226,31.82921],[-106.52208,31.82936],[-106.52187,31.82952],[-106.52177,31.82962],[-106.5216,31.82975],[-106.52124,31.82995],[-106.52092,31.83014],[-106.52087,31.83017],[-106.52042,31.83042],[-106.5199,31.83069],[-106.51966,31.83083],[-106.51919,31.83104],[-106.51901,31.83111],[-106.51889,31.83115],[-106.51872,31.83119],[-106.51864,31.8312],[-106.51855,31.83121],[-106.51835,31.83121],[-106.51812,31.83121],[-106.51797,31.8312],[-106.51781,31.83117],[-106.51765,31.83113],[-106.51755,31.83109],[-106.51746,31.83105],[-106.51736,31.83099],[-106.51728,31.83092],[-106.51718,31.83081],[-106.51712,31.83072],[-106.51708,31.83064],[-106.51705,31.83055],[-106.51703,31.83046],[-106.51701,31.8303],[-106.51656,31.83033],[-106.5163,31.83034],[-106.51609,31.83033],[-106.51584,31.8303],[-106.51547,31.83025],[-106.51499,31.83019],[-106.51475,31.83014],[-106.51459,31.83012],[-106.51435,31.83011],[-106.51421,31.83012],[-106.51389,31.83011],[-106.5137,31.83009],[-106.51289,31.82995],[-106.51279,31.82994],[-106.5127,31.82992],[-106.51265,31.8299],[-106.51257,31.82987],[-106.51251,31.82986],[-106.51242,31.82982],[-106.51232,31.82976],[-106.51225,31.82972],[-106.51218,31.82967],[-106.51206,31.82962],[-106.51194,31.8296],[-106.51188,31.82959],[-106.51181,31.82958],[-106.51178,31.82958],[-106.51157,31.82958],[-106.51099,31.82958],[-106.51031,31.82957],[-106.51026,31.82956],[-106.51022,31.82955],[-106.51015,31.82952],[-106.5101,31.82948],[-106.51006,31.82943],[-106.50997,31.8293],[-106.50983,31.82937],[-106.50977,31.82939],[-106.50973,31.8294],[-106.5097,31.82941],[-106.50958,31.82944],[-106.50947,31.82946],[-106.5092,31.8295],[-106.50912,31.82951],[-106.50904,31.82953],[-106.5089,31.82957],[-106.50875,31.82963],[-106.50871,31.82965],[-106.50865,31.82968],[-106.50858,31.82973],[-106.50853,31.82976],[-106.50848,31.82981],[-106.50843,31.82985],[-106.50839,31.8299],[-106.50836,31.82993],[-106.50832,31.82996],[-106.50826,31.83005],[-106.50824,31.83009],[-106.50823,31.83011],[-106.50806,31.83043],[-106.50802,31.83049],[-106.50796,31.8306],[-106.50788,31.83072],[-106.50783,31.8308],[-106.50774,31.83092],[-106.50767,31.83099],[-106.50756,31.83111],[-106.50748,31.83119],[-106.5074,31.83126],[-106.50734,31.83131],[-106.50708,31.83152],[-106.50659,31.8319],[-106.50662,31.83193],[-106.50668,31.83198],[-106.50674,31.83204],[-106.50678,31.83209],[-106.50683,31.83216],[-106.5069,31.83228],[-106.50496,31.83254],[-106.49847,31.83352],[-106.4945,31.83412],[-106.49398,31.8342],[-106.49512,31.8358],[-106.49645,31.83787],[-106.49762,31.83956],[-106.49848,31.84159],[-106.49733,31.84249],[-106.49657,31.84337],[-106.49623,31.84481],[-106.49663,31.84616],[-106.49687,31.84726],[-106.49612,31.84824],[-106.49439,31.84937],[-106.49375,31.85071],[-106.49175,31.84861],[-106.48996,31.84402],[-106.48994,31.844],[-106.48991,31.84396],[-106.48988,31.84392],[-106.48986,31.84389],[-106.48985,31.84386],[-106.48983,31.84382],[-106.48981,31.84377],[-106.4898,31.84372],[-106.4898,31.84365],[-106.48978,31.84351],[-106.48977,31.84344],[-106.48975,31.84338],[-106.48935,31.84279],[-106.48929,31.84269],[-106.48928,31.84265],[-106.48923,31.84264],[-106.48913,31.84261],[-106.48902,31.84257],[-106.48886,31.84251],[-106.48878,31.84248],[-106.48856,31.84238],[-106.48852,31.84237],[-106.48836,31.84233],[-106.48821,31.8423],[-106.48807,31.84229],[-106.4878,31.84231],[-106.48726,31.84235],[-106.48711,31.84235],[-106.48698,31.84232],[-106.4869,31.8423],[-106.48678,31.84225],[-106.48669,31.84221],[-106.48662,31.84216],[-106.48617,31.84183],[-106.48503,31.84098],[-106.48445,31.84055],[-106.48384,31.8401],[-106.48371,31.83997],[-106.48362,31.83989],[-106.48352,31.83976],[-106.48346,31.83969],[-106.48342,31.83962],[-106.48305,31.83899],[-106.48282,31.83861],[-106.48259,31.83819],[-106.48248,31.83804],[-106.48232,31.83788],[-106.48183,31.83735],[-106.48135,31.83683],[-106.4812,31.83669],[-106.4811,31.83662],[-106.48099,31.83657],[-106.48092,31.83654],[-106.4808,31.83651],[-106.48063,31.83649],[-106.48025,31.83651],[-106.47931,31.83656],[-106.47903,31.83656],[-106.4789,31.83654],[-106.47874,31.8365],[-106.4786,31.83645],[-106.4785,31.8364],[-106.47835,31.83631],[-106.47829,31.83627],[-106.47823,31.83622],[-106.4781,31.83612],[-106.47802,31.83602],[-106.47794,31.83591],[-106.47789,31.8358],[-106.47785,31.8357],[-106.47772,31.83516],[-106.4776,31.83459],[-106.47754,31.83443],[-106.47748,31.8343],[-106.47739,31.83417],[-106.47726,31.83401],[-106.47721,31.83397],[-106.47699,31.83378],[-106.47672,31.83356],[-106.47653,31.83342],[-106.47631,31.83324],[-106.47622,31.83313],[-106.47615,31.83303],[-106.4761,31.83294],[-106.47605,31.83279],[-106.47601,31.83267],[-106.47598,31.83245],[-106.47573,31.82991],[-106.47566,31.82921],[-106.47549,31.82749],[-106.47541,31.82679],[-106.4754,31.82659],[-106.47541,31.82636],[-106.47541,31.82619],[-106.47544,31.82588],[-106.47548,31.8255],[-106.47551,31.82519],[-106.47555,31.82482],[-106.47555,31.82479],[-106.47555,31.82477],[-106.47555,31.82475],[-106.47555,31.82472],[-106.47555,31.8247],[-106.47555,31.82467],[-106.47555,31.82465],[-106.47555,31.82463],[-106.47555,31.8246],[-106.47555,31.82458],[-106.47554,31.82456],[-106.47554,31.82453],[-106.47554,31.82451],[-106.47553,31.82449],[-106.47553,31.82444],[-106.47552,31.82443],[-106.47552,31.82441],[-106.47551,31.82439],[-106.47551,31.82438],[-106.4755,31.82436],[-106.4755,31.82434],[-106.47549,31.82433],[-106.47548,31.82431],[-106.47547,31.82429],[-106.47547,31.82428],[-106.47546,31.82426],[-106.47545,31.82424],[-106.47544,31.82423],[-106.47543,31.82421],[-106.47542,31.8242],[-106.47541,31.82418],[-106.4754,31.82417],[-106.47539,31.82415],[-106.47538,31.82414],[-106.47536,31.82412],[-106.47535,31.82411],[-106.47534,31.8241],[-106.47532,31.82408],[-106.47507,31.82383],[-106.4748,31.82358],[-106.4745,31.82332],[-106.47427,31.82311],[-106.47423,31.82309],[-106.4742,31.82306],[-106.47416,31.82303],[-106.47412,31.82301],[-106.47408,31.82298],[-106.47404,31.82296],[-106.474,31.82293],[-106.47397,31.82291],[-106.47393,31.82288],[-106.47389,31.82286],[-106.47384,31.82284],[-106.4738,31.82282],[-106.47378,31.82281],[-106.47375,31.8228],[-106.47373,31.82279],[-106.4737,31.82278],[-106.47368,31.82277],[-106.47365,31.82276],[-106.47363,31.82275],[-106.4736,31.82275],[-106.47357,31.82274],[-106.47355,31.82273],[-106.47352,31.82273],[-106.47349,31.82272],[-106.47347,31.82271],[-106.47344,31.82271],[-106.47341,31.8227],[-106.47339,31.8227],[-106.47297,31.82261],[-106.47295,31.8226],[-106.47292,31.8226],[-106.4729,31.82259],[-106.47288,31.82258],[-106.47285,31.82257],[-106.47283,31.82257],[-106.47281,31.82256],[-106.47278,31.82255],[-106.47276,31.82254],[-106.47274,31.82253],[-106.47272,31.82252],[-106.4727,31.82252],[-106.47267,31.8225],[-106.47265,31.82249],[-106.47263,31.82248],[-106.47261,31.82247],[-106.47259,31.82246],[-106.47257,31.82245],[-106.47255,31.82244],[-106.47253,31.82243],[-106.47251,31.82241],[-106.47249,31.8224],[-106.47217,31.82217],[-106.47215,31.82216],[-106.47213,31.82214],[-106.47211,31.82213],[-106.47209,31.82212],[-106.47207,31.8221],[-106.47204,31.82209],[-106.47202,31.82208],[-106.472,31.82207],[-106.47197,31.82205],[-106.47195,31.82204],[-106.47193,31.82203],[-106.4719,31.82203],[-106.47188,31.82202],[-106.47186,31.822],[-106.47183,31.822],[-106.47181,31.82199],[-106.47178,31.82198],[-106.47176,31.82197],[-106.47173,31.82196],[-106.4717,31.82196],[-106.47168,31.82195],[-106.47165,31.82195],[-106.47163,31.82194],[-106.4716,31.82193],[-106.47154,31.82193],[-106.47148,31.82192],[-106.47143,31.82191],[-106.47137,31.8219],[-106.47131,31.8219],[-106.47125,31.82189],[-106.47119,31.82189],[-106.47113,31.82188],[-106.47108,31.82188],[-106.47102,31.82188],[-106.47096,31.82188],[-106.4709,31.82187],[-106.47044,31.82186],[-106.46798,31.8218],[-106.46793,31.8218],[-106.46787,31.8218],[-106.46781,31.8218],[-106.46753,31.8218],[-106.4665,31.82179],[-106.46619,31.82179],[-106.46614,31.82179],[-106.46581,31.82179],[-106.46575,31.82179],[-106.46564,31.82179],[-106.46562,31.82179],[-106.46555,31.82179],[-106.46556,31.82173],[-106.4656,31.82166],[-106.46563,31.8216],[-106.46567,31.8215],[-106.46569,31.82146],[-106.46573,31.82137],[-106.46574,31.82132],[-106.46576,31.82128],[-106.46579,31.82119],[-106.4658,31.82116],[-106.46582,31.82109],[-106.46584,31.821],[-106.46585,31.82095],[-106.46588,31.82081],[-106.46588,31.82077],[-106.46589,31.8207],[-106.46591,31.82061],[-106.46592,31.82052],[-106.46592,31.82044],[-106.46593,31.8204],[-106.46593,31.82032],[-106.46593,31.82023],[-106.46593,31.8202],[-106.46593,31.82012],[-106.46593,31.82008],[-106.46593,31.81992],[-106.46593,31.81968],[-106.46593,31.81945],[-106.46592,31.8194],[-106.4659,31.81829],[-106.46589,31.81781],[-106.46588,31.81681],[-106.46587,31.81615],[-106.46587,31.81573],[-106.46586,31.81533],[-106.46586,31.81499],[-106.46586,31.81482],[-106.46585,31.81472],[-106.46585,31.81433],[-106.46585,31.81417],[-106.46584,31.81395],[-106.46583,31.81339],[-106.46583,31.81321],[-106.46583,31.8128],[-106.46583,31.81263],[-106.46582,31.81243],[-106.46582,31.81215],[-106.46581,31.81206],[-106.46585,31.81197],[-106.46588,31.81193],[-106.46588,31.81183],[-106.46588,31.81174],[-106.46588,31.81167],[-106.46588,31.81152],[-106.46588,31.81138],[-106.46588,31.81133],[-106.46588,31.81113],[-106.46589,31.81069],[-106.46589,31.81056],[-106.4662,31.81056],[-106.46703,31.81056],[-106.46764,31.81056],[-106.46765,31.81011],[-106.46765,31.80965],[-106.46765,31.80951],[-106.46766,31.80875],[-106.46766,31.80786],[-106.46766,31.80785],[-106.46767,31.80709],[-106.46768,31.80701],[-106.46765,31.80699],[-106.4676,31.80697],[-106.46755,31.80694],[-106.46749,31.80693],[-106.46723,31.80694],[-106.46702,31.80694],[-106.46618,31.80693],[-106.46603,31.80693],[-106.46591,31.80693],[-106.46591,31.80655],[-106.46591,31.80644],[-106.46591,31.80624],[-106.46591,31.80595],[-106.46592,31.80494],[-106.46592,31.80426],[-106.46592,31.80406],[-106.46592,31.80399],[-106.46592,31.80321],[-106.46592,31.80316],[-106.46592,31.80311],[-106.46592,31.80265],[-106.46592,31.80234],[-106.46592,31.80226],[-106.46592,31.80215],[-106.46592,31.80199],[-106.46592,31.80179],[-106.46592,31.80167],[-106.46592,31.80135],[-106.46593,31.80098],[-106.46593,31.80081],[-106.46593,31.80044],[-106.46593,31.7997],[-106.46593,31.79961],[-106.46593,31.79954],[-106.46593,31.79942],[-106.46593,31.79916],[-106.46593,31.79863],[-106.46594,31.79844],[-106.46594,31.79773],[-106.46594,31.79767],[-106.46594,31.79737],[-106.46594,31.79682],[-106.46595,31.79642],[-106.46595,31.79626],[-106.46595,31.79603],[-106.46595,31.79591],[-106.46595,31.79583],[-106.46595,31.79524],[-106.46596,31.79505],[-106.46595,31.79501],[-106.46609,31.79501],[-106.46667,31.79501],[-106.46723,31.79502],[-106.46734,31.79502],[-106.46746,31.79502],[-106.46799,31.79502],[-106.46837,31.79502],[-106.46852,31.79504],[-106.46862,31.7949],[-106.46864,31.79487],[-106.46868,31.79482],[-106.46873,31.79476],[-106.46883,31.79464],[-106.46891,31.79456],[-106.46904,31.79444],[-106.46916,31.79433],[-106.46926,31.79424],[-106.46932,31.79418],[-106.46936,31.79412],[-106.46939,31.79404],[-106.4694,31.79396],[-106.4694,31.79394],[-106.46941,31.79379],[-106.46942,31.79344],[-106.46944,31.79335],[-106.46948,31.79326],[-106.46951,31.79322],[-106.46955,31.79318],[-106.46963,31.79311],[-106.46972,31.79306],[-106.46982,31.79303],[-106.47006,31.79297],[-106.47011,31.79295],[-106.47018,31.79293],[-106.47026,31.79287],[-106.47032,31.79281],[-106.47038,31.79272],[-106.47048,31.79258],[-106.4705,31.79256],[-106.47056,31.79248],[-106.47064,31.79241],[-106.47067,31.79239],[-106.4706,31.79236],[-106.4705,31.79235],[-106.46966,31.79234],[-106.46949,31.79233],[-106.46926,31.79231],[-106.46914,31.7923],[-106.46897,31.7923],[-106.46898,31.79213],[-106.46899,31.7914],[-106.46937,31.7914],[-106.47014,31.79141],[-106.47049,31.7914],[-106.47049,31.79093],[-106.47049,31.7906],[-106.4705,31.79049],[-106.47051,31.7904],[-106.47051,31.78959],[-106.4705,31.7893],[-106.47051,31.7887],[-106.47051,31.78794],[-106.47051,31.78777],[-106.4709,31.78778],[-106.47203,31.78778],[-106.47247,31.78778],[-106.47341,31.78779],[-106.47343,31.78778],[-106.47345,31.78778],[-106.47348,31.78777],[-106.4735,31.78775],[-106.47352,31.78774],[-106.47354,31.78771],[-106.47354,31.7877],[-106.47355,31.78767],[-106.47356,31.78765],[-106.47356,31.78764],[-106.47355,31.78762],[-106.47355,31.78756],[-106.47356,31.78702],[-106.47355,31.78688],[-106.47354,31.7867],[-106.47355,31.78598],[-106.47355,31.78507],[-106.47356,31.78472],[-106.47356,31.78416],[-106.47356,31.78326],[-106.47263,31.78326],[-106.47206,31.78325],[-106.47054,31.78325],[-106.47044,31.78325],[-106.47031,31.78327],[-106.47017,31.78327],[-106.46933,31.78327],[-106.46919,31.78324],[-106.46903,31.78324],[-106.46832,31.78323],[-106.46822,31.78323],[-106.46804,31.78323],[-106.46792,31.78323],[-106.46784,31.78323],[-106.46778,31.78323],[-106.46772,31.78323],[-106.46769,31.78323],[-106.46763,31.78321],[-106.46757,31.7832],[-106.46752,31.78319],[-106.46757,31.78314],[-106.46763,31.78308],[-106.46767,31.78304],[-106.46772,31.78299],[-106.46776,31.78293],[-106.46762,31.78283],[-106.46718,31.78252],[-106.46702,31.7824],[-106.46692,31.78229],[-106.46664,31.78198],[-106.46659,31.78192],[-106.4656,31.78294],[-106.46523,31.78331],[-106.46515,31.78337],[-106.46505,31.78346],[-106.46486,31.78362],[-106.4646,31.7838],[-106.46451,31.78386],[-106.46444,31.78389],[-106.46426,31.784],[-106.46323,31.78455],[-106.46195,31.78524],[-106.46156,31.78545],[-106.46145,31.78551],[-106.46145,31.78549],[-106.46143,31.78503],[-106.46149,31.78499],[-106.46149,31.78486],[-106.46149,31.78465],[-106.46149,31.78461],[-106.46149,31.78446],[-106.46149,31.78432],[-106.46149,31.78426],[-106.46149,31.78413],[-106.46149,31.78393],[-106.46148,31.78385],[-106.46144,31.78375],[-106.46144,31.78345],[-106.46144,31.78326],[-106.46145,31.78292],[-106.46145,31.78274],[-106.46145,31.78266],[-106.46145,31.78256],[-106.46145,31.78245],[-106.46145,31.78235],[-106.46145,31.78227],[-106.46146,31.78221],[-106.46146,31.78189],[-106.46146,31.78173],[-106.46147,31.78138],[-106.46147,31.78133],[-106.46147,31.78125],[-106.46147,31.78121],[-106.46146,31.78113],[-106.46147,31.78102],[-106.46147,31.78081],[-106.46147,31.78071],[-106.46147,31.78029],[-106.46147,31.77993],[-106.46147,31.7797],[-106.46148,31.77939],[-106.46148,31.77917],[-106.46148,31.77908],[-106.46148,31.77893],[-106.46149,31.77867],[-106.46149,31.77835],[-106.46149,31.77827],[-106.46142,31.77827],[-106.46113,31.77828],[-106.46063,31.77828],[-106.46061,31.77827],[-106.4602,31.77828],[-106.45997,31.77828],[-106.4598,31.77827],[-106.45948,31.77827],[-106.4581,31.77826],[-106.45728,31.77826],[-106.45632,31.77827],[-106.4557,31.77826],[-106.45478,31.77826],[-106.45353,31.77825],[-106.45258,31.77824],[-106.4525,31.77824],[-106.45247,31.77824],[-106.4524,31.77824],[-106.45215,31.77824],[-106.45151,31.77824],[-106.45108,31.77822],[-106.4509,31.7782],[-106.4509,31.77797],[-106.45112,31.76476],[-106.45119,31.76438],[-106.45119,31.76438],[-106.45163,31.76449],[-106.45237,31.76459],[-106.45326,31.76461],[-106.45372,31.76454],[-106.45431,31.76445],[-106.45497,31.76429],[-106.4552,31.76424],[-106.45657,31.76369],[-106.45663,31.76366],[-106.45819,31.76308],[-106.45978,31.76249],[-106.46223,31.76158],[-106.46567,31.76031],[-106.46659,31.75984],[-106.46718,31.75943],[-106.46757,31.75922],[-106.46851,31.75826],[-106.46925,31.75684],[-106.46964,31.75541],[-106.47058,31.75274],[-106.4714,31.75173],[-106.47172,31.75155],[-106.47209,31.75105],[-106.47289,31.75067],[-106.47305,31.75065],[-106.47322,31.7505],[-106.47361,31.75043],[-106.47438,31.7502],[-106.47554,31.74991],[-106.47932,31.74903],[-106.48244,31.74837],[-106.48262,31.74833],[-106.48267,31.74831],[-106.48272,31.7483],[-106.48276,31.74829],[-106.48281,31.74828],[-106.48384,31.74798],[-106.48465,31.74781],[-106.48472,31.74781],[-106.48478,31.7478],[-106.48542,31.74776],[-106.48605,31.74771],[-106.48656,31.74771],[-106.48712,31.74775],[-106.48741,31.74778],[-106.48776,31.74781],[-106.48826,31.748],[-106.48955,31.74841],[-106.49049,31.7489],[-106.49072,31.74905],[-106.49112,31.74933],[-106.49147,31.74965],[-106.49213,31.7502],[-106.49243,31.75038],[-106.49292,31.75058],[-106.49296,31.7506],[-106.49341,31.75085],[-106.49347,31.75096],[-106.49364,31.75124],[-106.49397,31.75151],[-106.49462,31.75186],[-106.49489,31.75203],[-106.49519,31.75261],[-106.49542,31.75296],[-106.49581,31.75336],[-106.49621,31.75376],[-106.49651,31.75395],[-106.49683,31.75405],[-106.49706,31.75413],[-106.49749,31.75431],[-106.49833,31.75474],[-106.49901,31.75503],[-106.49908,31.75506],[-106.49971,31.75535],[-106.49977,31.75538],[-106.5,31.75553],[-106.5001,31.75558],[-106.50072,31.75634],[-106.50131,31.75701],[-106.50135,31.75704],[-106.50137,31.75705],[-106.50159,31.75721],[-106.50203,31.75746],[-106.50248,31.75768],[-106.5025,31.75769],[-106.50287,31.75786],[-106.50356,31.75828],[-106.50362,31.75832],[-106.5037,31.75839],[-106.50399,31.75864],[-106.50413,31.75878],[-106.50463,31.75927],[-106.5051,31.75967],[-106.50543,31.76001],[-106.50548,31.76007],[-106.50569,31.76042],[-106.50608,31.7607],[-106.5066,31.76102],[-106.507,31.76119],[-106.50742,31.76124],[-106.50779,31.76117],[-106.50852,31.76107],[-106.50858,31.76107],[-106.50883,31.76104],[-106.50906,31.7611],[-106.50938,31.76109],[-106.50965,31.76109],[-106.50974,31.76107],[-106.50982,31.76112],[-106.51,31.76123],[-106.51028,31.76164],[-106.51043,31.76192],[-106.51069,31.76241],[-106.51094,31.76296],[-106.51094,31.76299],[-106.51107,31.76353],[-106.51123,31.76425],[-106.51124,31.76432],[-106.51136,31.76491],[-106.51139,31.76509],[-106.51148,31.76554],[-106.51166,31.76623],[-106.51172,31.76671],[-106.51179,31.76732],[-106.51183,31.7677],[-106.51197,31.76822],[-106.51214,31.76867],[-106.51232,31.76903],[-106.51259,31.76947],[-106.51285,31.76985],[-106.51312,31.77018],[-106.51361,31.77074],[-106.51409,31.77118],[-106.5147,31.77158],[-106.51497,31.77166],[-106.51521,31.77162],[-106.51526,31.77162],[-106.51628,31.77164],[-106.51659,31.77161],[-106.51659,31.77161],[-106.5172,31.77158],[-106.5174,31.77163],[-106.51748,31.77168],[-106.51781,31.77191],[-106.51832,31.77228],[-106.51922,31.77283],[-106.51937,31.77292],[-106.51966,31.77313],[-106.52032,31.77347],[-106.52063,31.77365],[-106.52104,31.77395],[-106.52111,31.77401],[-106.52159,31.77439],[-106.52177,31.77454],[-106.5219,31.77464],[-106.52242,31.77512],[-106.52278,31.77547],[-106.52334,31.77599],[-106.5238,31.77654],[-106.52387,31.7767],[-106.52388,31.77676],[-106.52394,31.77705],[-106.52435,31.77744],[-106.52435,31.77744],[-106.52438,31.77747],[-106.52487,31.77806],[-106.52524,31.77868],[-106.52565,31.77895],[-106.52634,31.77965],[-106.52664,31.78],[-106.52705,31.78033],[-106.52736,31.78044],[-106.52777,31.78076],[-106.52809,31.78101],[-106.52844,31.78143],[-106.5286,31.78171],[-106.52862,31.78174],[-106.52862,31.78221],[-106.5285,31.7825],[-106.52833,31.78287],[-106.52812,31.78334],[-106.52812,31.78334],[-106.52809,31.78343],[-106.52798,31.78363],[-106.52787,31.78386],[-106.52787,31.7839],[-106.52782,31.78446],[-106.52765,31.78518],[-106.52741,31.78617],[-106.52723,31.78696],[-106.52715,31.78775],[-106.52694,31.78838],[-106.52685,31.78871],[-106.52676,31.78908],[-106.52681,31.78946],[-106.52696,31.79],[-106.52729,31.79037],[-106.52768,31.79082],[-106.52846,31.79128],[-106.5293,31.79165],[-106.52995,31.79178],[-106.52999,31.7918],[-106.53037,31.79201],[-106.53112,31.79194],[-106.53127,31.79196],[-106.532,31.7923],[-106.5321,31.79235],[-106.5328,31.79289],[-106.53313,31.79406],[-106.53394,31.79583],[-106.53543,31.79814],[-106.5361,31.79934],[-106.53748,31.8],[-106.53838,31.80042],[-106.53839,31.80042],[-106.53872,31.80058],[-106.53904,31.80074],[-106.53937,31.80089],[-106.53985,31.80112],[-106.54064,31.8015],[-106.54106,31.80169],[-106.54109,31.8017],[-106.54193,31.80211],[-106.54214,31.80226],[-106.54234,31.80239],[-106.54257,31.80254],[-106.54266,31.80259],[-106.5429,31.80275],[-106.54309,31.80288],[-106.54319,31.80296],[-106.54343,31.80311],[-106.54361,31.80323],[-106.54372,31.8033],[-106.54381,31.80336],[-106.54391,31.80349],[-106.54404,31.80366],[-106.54431,31.804],[-106.54458,31.80403],[-106.54465,31.80416],[-106.54472,31.80429],[-106.54477,31.80434],[-106.54481,31.80439],[-106.54488,31.80447],[-106.54495,31.80455],[-106.54536,31.80502],[-106.5454,31.80507],[-106.54569,31.80541],[-106.54573,31.80545],[-106.54595,31.80571],[-106.54604,31.80594],[-106.54607,31.806],[-106.5461,31.80606],[-106.54612,31.80609],[-106.54647,31.80652],[-106.54655,31.80661],[-106.54641,31.80701],[-106.54589,31.80839],[-106.54558,31.8092],[-106.54514,31.81023],[-106.5451,31.81057],[-106.5451,31.81057],[-106.54591,31.81126],[-106.54634,31.81169],[-106.54663,31.812],[-106.54729,31.81265],[-106.54785,31.81321],[-106.54803,31.8134],[-106.54836,31.81375],[-106.54891,31.81431],[-106.5494,31.81482],[-106.54967,31.81508],[-106.54945,31.81523],[-106.55475,31.8206],[-106.55534,31.82119],[-106.55573,31.8216],[-106.5561,31.82197],[-106.55632,31.82219],[-106.55948,31.8254],[-106.55956,31.82549],[-106.55968,31.82561],[-106.56088,31.82682],[-106.56162,31.82757],[-106.56338,31.82935],[-106.5641,31.83009],[-106.56431,31.8303],[-106.56619,31.8322],[-106.56703,31.83306],[-106.56736,31.83343],[-106.56758,31.8337],[-106.56788,31.83408],[-106.56809,31.83439],[-106.56828,31.83469],[-106.56852,31.8351],[-106.56874,31.83551],[-106.56887,31.83576],[-106.56903,31.8361],[-106.56912,31.83633],[-106.56918,31.83648],[-106.5702,31.83932],[-106.57026,31.83948],[-106.57064,31.8405],[-106.57069,31.84065],[-106.57102,31.84155],[-106.57118,31.84201],[-106.57149,31.84286],[-106.57156,31.84305],[-106.57187,31.8439],[-106.57208,31.84447],[-106.57201,31.84449],[-106.57212,31.84459],[-106.57226,31.84498],[-106.5724,31.84537],[-106.57245,31.84552],[-106.5725,31.84563],[-106.57261,31.84593],[-106.57265,31.84604],[-106.57279,31.84648],[-106.57284,31.84661],[-106.57291,31.84687],[-106.573,31.84722],[-106.57315,31.84776],[-106.57323,31.8481],[-106.57335,31.84861],[-106.57344,31.84894],[-106.57349,31.84918],[-106.57354,31.84936],[-106.57362,31.84969],[-106.57364,31.84978],[-106.57366,31.84984],[-106.57379,31.85039],[-106.57388,31.85073],[-106.57395,31.85105],[-106.57416,31.85187],[-106.57419,31.85202],[-106.57424,31.8522],[-106.57433,31.85258],[-106.57439,31.85285],[-106.57442,31.85296],[-106.57448,31.85319],[-106.57458,31.85362],[-106.57474,31.85425],[-106.57481,31.85452],[-106.57527,31.85639],[-106.57532,31.85661],[-106.57535,31.85673],[-106.57546,31.85719],[-106.57557,31.85767],[-106.57568,31.85807],[-106.57588,31.8589],[-106.57597,31.85925],[-106.57606,31.85963],[-106.57613,31.85994],[-106.57624,31.86035],[-106.57631,31.86067],[-106.57654,31.8616],[-106.57664,31.862],[-106.57674,31.86241],[-106.57675,31.86246],[-106.57681,31.86268],[-106.57684,31.86282],[-106.57698,31.86338],[-106.577,31.86345],[-106.57701,31.8635],[-106.57704,31.86361]]]}}]}